customer_id,product_id,purchase_count,avg_rating,order_count,score
1,27,2,4.0,1,2.5493
1,32,1,5.0,1,2.8466
1,39,2,3.5,2,2.2993
1,70,1,3.0,1,1.8466
1,76,2,4.0,1,2.5493
1,127,1,5.0,1,2.8466
1,138,1,4.0,1,2.3466
2,54,1,4.0,1,2.3466
2,58,3,5.0,1,3.1931
2,63,1,5.0,1,2.8466
2,78,4,3.5,2,2.5547
2,81,1,4.0,1,2.3466
2,82,1,4.0,1,2.3466
2,83,5,4.5,2,3.1459
2,85,2,3.0,1,2.0493
2,87,2,5.0,1,3.0493
2,95,4,4.0,2,2.8047
2,96,1,5.0,1,2.8466
2,98,3,4.0,1,2.6931
3,92,3,4.0,1,2.6931
3,121,4,4.5,2,3.0547
3,125,4,3.5,2,2.5547
3,127,3,5.0,1,3.1931
3,135,3,4.0,1,2.6931
3,137,3,3.0,1,2.1931
3,138,2,3.0,1,2.0493
4,61,1,5.0,1,2.8466
4,63,5,4.0,2,2.8959
4,64,3,4.5,2,2.9431
4,72,1,4.0,1,2.3466
4,78,6,4.25,4,3.098
4,101,1,4.0,1,2.3466
4,102,2,3.0,1,2.0493
4,103,3,5.0,1,3.1931
4,105,2,5.0,1,3.0493
4,109,1,4.0,1,2.3466
4,111,4,4.5,2,3.0547
4,113,6,4.666666666666667,3,3.3063
4,115,2,4.5,2,2.7993
4,119,4,5.0,2,3.3047
5,1,5,4.5,2,3.1459
5,3,2,5.0,1,3.0493
5,9,5,3.75,4,2.7709
5,16,2,5.0,1,3.0493
5,17,1,3.0,1,1.8466
5,44,2,4.5,2,2.7993
5,46,2,5.0,1,3.0493
5,51,2,4.0,1,2.5493
5,86,12,4.2,5,3.3825
5,92,2,4.0,1,2.5493
6,129,9,4.25,4,3.2763
6,134,6,3.5,2,2.723
6,136,2,5.0,1,3.0493
7,2,6,4.0,4,2.973
7,5,10,4.2,5,3.2989
7,6,9,4.0,4,3.1513
7,18,10,4.25,4,3.3239
8,65,4,4.0,2,2.8047
8,73,4,5.0,2,3.3047
8,77,4,4.5,2,3.0547
8,79,4,3.5,2,2.5547
8,80,2,5.0,1,3.0493
9,65,2,5.0,1,3.0493
9,68,4,4.666666666666667,3,3.1381
9,104,2,5.0,1,3.0493
9,107,2,4.0,1,2.5493
9,108,3,5.0,1,3.1931
9,110,6,5.0,2,3.473
9,126,2,4.0,1,2.5493
9,132,1,4.0,1,2.3466
9,133,3,5.0,1,3.1931
9,140,4,3.5,2,2.5547
10,2,6,4.333333333333333,3,3.1396
10,5,2,5.0,1,3.0493
10,6,2,5.0,1,3.0493
10,18,3,5.0,1,3.1931
10,61,6,3.5,2,2.723
10,63,2,4.0,1,2.5493
10,71,1,4.0,1,2.3466
10,72,6,4.666666666666667,3,3.3063
10,78,3,4.0,2,2.6931
10,134,1,5.0,1,2.8466
10,136,6,4.666666666666667,3,3.3063
11,81,4,4.5,2,3.0547
11,82,8,4.333333333333333,3,3.2653
11,83,5,5.0,2,3.3959
11,85,4,4.0,2,2.8047
11,87,2,4.0,2,2.5493
11,89,1,4.0,1,2.3466
11,95,5,4.666666666666667,3,3.2292
11,96,4,5.0,2,3.3047
11,98,4,4.0,3,2.8047
11,99,5,4.333333333333333,3,3.0625
12,86,8,4.25,4,3.2236
12,90,5,4.5,2,3.1459
12,112,5,5.0,3,3.3959
12,117,5,4.666666666666667,3,3.2292
12,118,3,4.0,2,2.6931
12,120,5,4.333333333333333,3,3.0625
13,84,3,5.0,1,3.1931
13,91,6,5.0,2,3.473
13,93,6,4.666666666666667,3,3.3063
13,94,3,4.0,1,2.6931
13,106,5,5.0,3,3.3959
13,108,2,4.0,1,2.5493
13,114,3,5.0,1,3.1931
13,116,5,5.0,2,3.3959
13,126,3,5.0,1,3.1931
13,130,4,4.5,2,3.0547
13,132,1,5.0,1,2.8466
13,133,2,5.0,1,3.0493
13,139,2,4.0,2,2.5493
14,65,2,5.0,1,3.0493
14,68,4,4.0,2,2.8047
14,73,3,5.0,1,3.1931
14,77,2,3.0,1,2.0493
14,80,3,3.0,1,2.1931
14,104,1,4.0,1,2.3466
14,106,2,5.0,1,3.0493
14,107,3,5.0,1,3.1931
14,108,6,5.0,2,3.473
14,110,1,3.0,1,1.8466
14,116,2,3.0,1,2.0493
14,130,5,3.6666666666666665,3,2.7292
14,131,2,4.0,1,2.5493
14,132,3,3.0,1,2.1931
15,26,4,4.5,2,3.0547
15,30,3,5.0,1,3.1931
15,34,2,5.0,1,3.0493
15,37,5,5.0,2,3.3959
15,38,9,4.5,4,3.4013
15,104,4,4.5,2,3.0547
15,106,2,3.0,1,2.0493
15,108,1,5.0,1,2.8466
15,114,9,4.0,3,3.1513
15,116,4,5.0,2,3.3047
16,21,3,4.5,2,2.9431
16,26,2,4.0,1,2.5493
16,30,3,4.0,2,2.6931
16,34,7,3.6666666666666665,3,2.8731
16,37,1,5.0,1,2.8466
16,38,3,3.0,1,2.1931
16,45,3,3.0,1,2.1931
16,53,2,5.0,1,3.0493
16,59,4,5.0,2,3.3047
17,23,2,4.0,2,2.5493
17,24,4,4.0,2,2.8047
17,28,10,5.0,5,3.6989
17,29,3,5.0,2,3.1931
17,31,3,4.333333333333333,3,2.8598
17,36,6,4.666666666666667,3,3.3063
18,4,4,4.5,2,3.0547
18,8,4,4.5,2,3.0547
18,10,6,4.333333333333333,3,3.1396
18,13,5,4.5,2,3.1459
18,14,1,3.0,1,1.8466
18,15,7,4.0,3,3.0397
19,2,7,5.0,3,3.5397
19,5,5,4.666666666666667,3,3.2292
19,6,8,4.666666666666667,3,3.4319
19,18,3,5.0,1,3.1931
19,61,6,3.5,2,2.723
19,63,3,5.0,1,3.1931
19,64,2,5.0,1,3.0493
19,67,13,4.0,6,3.3195
19,71,6,4.666666666666667,3,3.3063
20,8,2,5.0,1,3.0493
20,10,1,5.0,1,2.8466
20,14,2,4.0,1,2.5493
20,20,5,4.666666666666667,3,3.2292
20,65,8,4.0,3,3.0986
20,68,2,5.0,1,3.0493
20,73,3,5.0,1,3.1931
20,77,3,4.0,1,2.6931
20,79,6,4.666666666666667,3,3.3063
20,80,1,3.0,1,1.8466
20,84,4,5.0,2,3.3047
20,88,1,5.0,1,2.8466
20,93,2,4.0,1,2.5493
20,97,1,5.0,1,2.8466
20,100,1,5.0,1,2.8466
21,62,1,5.0,1,2.8466
21,66,3,5.0,1,3.1931
21,69,1,5.0,1,2.8466
21,74,4,4.0,2,2.8047
21,75,3,5.0,1,3.1931
21,76,2,4.0,1,2.5493
21,121,2,5.0,1,3.0493
21,122,3,5.0,1,3.1931
21,123,1,4.0,1,2.3466
21,124,3,3.5,2,2.4431
21,125,3,5.0,2,3.1931
21,127,3,5.0,1,3.1931
21,128,5,5.0,2,3.3959
21,135,1,5.0,1,2.8466
22,21,6,4.333333333333333,3,3.1396
22,26,5,3.6666666666666665,3,2.7292
22,30,6,4.333333333333333,3,3.1396
22,33,5,4.0,2,2.8959
22,37,7,4.666666666666667,3,3.3731
22,38,7,4.25,4,3.1647
22,42,4,4.0,2,2.8047
22,43,2,4.0,1,2.5493
22,45,9,4.6,5,3.4513
22,53,4,5.0,2,3.3047
22,57,3,4.0,1,2.6931
23,104,3,4.0,1,2.6931
23,106,1,4.0,1,2.3466
23,107,5,3.0,2,2.3959
23,108,10,4.6,5,3.4989
23,110,2,5.0,1,3.0493
23,114,3,3.0,1,2.1931
23,116,2,5.0,1,3.0493
23,126,3,5.0,1,3.1931
23,130,3,4.5,2,2.9431
23,132,3,4.5,2,2.9431
23,133,1,4.0,1,2.3466
24,3,5,4.5,2,3.1459
24,16,5,4.0,2,2.8959
24,69,5,4.5,2,3.1459
24,76,1,5.0,1,2.8466
24,92,3,3.0,1,2.1931
25,23,4,4.5,2,3.0547
25,28,2,4.0,2,2.5493
25,61,4,5.0,2,3.3047
25,63,4,4.0,2,2.8047
25,64,2,4.0,1,2.5493
25,67,3,3.0,1,2.1931
25,71,4,4.0,2,2.8047
25,72,3,4.0,1,2.6931
25,78,2,4.0,2,2.5493
25,129,2,5.0,1,3.0493
25,134,4,4.0,2,2.8047
25,136,1,4.0,1,2.3466
26,21,4,4.5,2,3.0547
26,30,4,4.0,2,2.8047
26,33,5,5.0,2,3.3959
26,34,3,5.0,1,3.1931
26,37,4,3.6666666666666665,3,2.6381
26,38,5,4.333333333333333,3,3.0625
26,65,4,4.333333333333333,3,2.9714
26,68,7,4.0,3,3.0397
26,73,2,4.0,1,2.5493
26,77,2,3.0,1,2.0493
26,79,2,5.0,1,3.0493
26,80,4,4.5,2,3.0547
27,4,2,4.0,1,2.5493
27,8,2,5.0,1,3.0493
27,10,1,5.0,1,2.8466
27,12,1,3.0,1,1.8466
27,13,1,3.0,1,1.8466
27,15,4,4.0,2,2.8047
27,20,3,5.0,1,3.1931
27,42,5,4.5,2,3.1459
27,45,3,5.0,1,3.1931
27,59,5,4.5,2,3.1459
28,24,8,4.333333333333333,3,3.2653
28,31,2,5.0,2,3.0493
28,101,5,4.333333333333333,3,3.0625
28,102,7,4.0,3,3.0397
28,103,5,4.333333333333333,3,3.0625
28,105,15,4.571428571428571,7,3.672
28,109,3,5.0,1,3.1931
28,111,2,3.0,1,2.0493
28,113,6,4.0,3,2.973
28,115,6,3.3333333333333335,3,2.6396
28,119,1,4.0,1,2.3466
29,23,4,4.5,2,3.0547
29,24,3,5.0,2,3.1931
29,29,8,5.0,3,3.5986
29,31,5,5.0,2,3.3959
29,36,4,3.0,2,2.3047
30,66,4,5.0,2,3.3047
30,69,3,4.0,1,2.6931
30,70,2,4.0,1,2.5493
30,74,3,4.5,2,2.9431
30,75,3,5.0,1,3.1931
30,76,4,4.5,2,3.0547
31,42,3,4.0,1,2.6931
31,43,2,4.0,2,2.5493
31,45,1,5.0,1,2.8466
31,53,5,4.5,2,3.1459
31,57,5,4.5,2,3.1459
31,59,8,4.5,4,3.3486
31,104,7,4.333333333333333,3,3.2064
31,106,1,3.0,1,1.8466
31,107,3,4.0,1,2.6931
31,108,7,4.25,4,3.1647
31,110,6,4.5,2,3.223
31,114,1,5.0,1,2.8466
31,116,2,3.0,1,2.0493
32,10,1,5.0,1,2.8466
32,12,2,4.0,1,2.5493
32,14,4,4.0,2,2.8047
32,26,2,4.0,1,2.5493
32,34,3,5.0,1,3.1931
32,38,5,4.5,2,3.1459
32,104,1,5.0,1,2.8466
32,107,7,3.6666666666666665,3,2.8731
32,110,3,4.0,1,2.6931
33,84,3,4.0,1,2.6931
33,88,3,4.0,2,2.6931
33,93,4,3.5,2,2.5547
33,97,2,5.0,1,3.0493
33,100,3,3.0,1,2.1931
33,104,3,5.0,1,3.1931
33,107,2,3.0,1,2.0493
33,108,4,4.5,2,3.0547
33,110,1,4.0,1,2.3466
33,114,3,5.0,1,3.1931
33,116,2,4.0,1,2.5493
34,23,4,4.5,2,3.0547
34,24,3,4.0,1,2.6931
34,28,4,5.0,2,3.3047
34,29,1,5.0,1,2.8466
34,31,5,4.0,3,2.8959
34,36,4,4.5,2,3.0547
34,102,3,3.0,1,2.1931
34,103,3,3.0,1,2.1931
34,105,5,4.5,4,3.1459
34,109,5,4.333333333333333,3,3.0625
34,111,1,3.0,1,1.8466
34,113,3,4.0,2,2.6931
34,115,1,5.0,1,2.8466
34,119,9,4.25,4,3.2763
34,134,1,4.0,1,2.3466
34,136,1,4.0,1,2.3466
35,1,7,4.0,3,3.0397
35,3,9,4.666666666666667,3,3.4846
35,9,3,5.0,1,3.1931
35,11,2,5.0,1,3.0493
35,16,2,4.0,1,2.5493
35,17,3,4.666666666666667,3,3.0265
35,44,5,4.0,2,2.8959
35,51,1,4.0,1,2.3466
35,56,5,3.5,2,2.6459
35,121,3,4.0,1,2.6931
35,122,4,4.0,2,2.8047
35,137,4,4.0,2,2.8047
36,4,3,5.0,1,3.1931
36,8,1,5.0,1,2.8466
36,14,3,5.0,1,3.1931
36,15,1,5.0,1,2.8466
36,53,1,4.0,1,2.3466
36,57,2,5.0,1,3.0493
36,104,1,5.0,1,2.8466
36,106,2,5.0,1,3.0493
36,107,1,5.0,1,2.8466
36,108,3,5.0,1,3.1931
36,110,3,4.0,1,2.6931
36,116,5,5.0,2,3.3959
37,62,1,5.0,1,2.8466
37,66,6,4.25,4,3.098
37,69,3,5.0,1,3.1931
37,70,4,5.0,2,3.3047
37,74,6,5.0,3,3.473
37,76,2,4.0,1,2.5493
37,112,4,4.5,2,3.0547
37,117,4,5.0,2,3.3047
37,118,5,4.0,3,2.8959
38,44,6,4.333333333333333,3,3.1396
38,46,3,4.0,1,2.6931
38,51,3,5.0,1,3.1931
38,56,1,3.0,1,1.8466
38,86,4,5.0,2,3.3047
38,90,1,5.0,1,2.8466
38,92,1,3.0,1,1.8466
38,112,8,4.666666666666667,3,3.4319
38,117,1,4.0,1,2.3466
38,120,3,5.0,1,3.1931
39,112,2,5.0,1,3.0493
39,117,2,3.0,1,2.0493
39,118,1,5.0,1,2.8466
39,121,3,5.0,1,3.1931
39,123,4,4.5,2,3.0547
39,124,1,5.0,1,2.8466
39,125,3,4.0,1,2.6931
39,127,2,5.0,1,3.0493
39,128,1,3.0,1,1.8466
39,135,9,4.333333333333333,3,3.318
39,137,5,4.0,3,2.8959
40,42,5,4.0,2,2.8959
40,43,6,4.5,2,3.223
40,45,3,5.0,2,3.1931
40,57,3,5.0,2,3.1931
40,59,2,5.0,1,3.0493
41,48,1,5.0,1,2.8466
41,50,1,4.0,1,2.3466
41,52,2,3.0,1,2.0493
41,60,3,5.0,1,3.1931
41,61,2,4.0,1,2.5493
41,64,1,4.0,1,2.3466
41,67,4,4.0,2,2.8047
41,78,3,3.0,1,2.1931
41,102,2,3.0,1,2.0493
41,105,1,5.0,1,2.8466
41,109,2,4.0,1,2.5493
41,115,4,5.0,2,3.3047
41,119,1,5.0,1,2.8466
42,21,2,3.0,1,2.0493
42,26,2,5.0,1,3.0493
42,33,1,5.0,1,2.8466
42,34,1,5.0,1,2.8466
42,42,3,3.5,2,2.4431
42,53,2,5.0,1,3.0493
43,1,5,4.0,2,2.8959
43,3,5,5.0,2,3.3959
43,7,3,5.0,1,3.1931
43,9,12,4.0,5,3.2825
43,11,3,3.0,1,2.1931
43,16,3,5.0,1,3.1931
43,17,6,4.333333333333333,3,3.1396
43,19,3,4.5,2,2.9431
43,44,3,5.0,1,3.1931
43,46,2,4.0,1,2.5493
43,56,7,3.6666666666666665,3,2.8731
43,90,6,3.5,2,2.723
43,92,2,5.0,1,3.0493
44,61,3,3.0,1,2.1931
44,63,1,4.0,1,2.3466
44,71,3,5.0,1,3.1931
44,72,3,5.0,1,3.1931
44,81,5,5.0,2,3.3959
44,85,2,4.0,1,2.5493
44,89,2,5.0,1,3.0493
44,95,5,5.0,2,3.3959
44,99,2,4.0,1,2.5493
45,4,7,4.0,3,3.0397
45,8,6,4.0,2,2.973
45,10,8,4.666666666666667,3,3.4319
45,12,5,4.0,3,2.8959
45,13,3,4.5,2,2.9431
45,14,9,4.25,4,3.2763
45,15,9,4.333333333333333,3,3.318
45,20,3,4.666666666666667,3,3.0265
46,44,14,4.571428571428571,7,3.6397
46,46,15,4.285714285714286,7,3.5292
46,51,14,4.0,6,3.354
46,56,9,4.8,5,3.5513
47,44,2,5.0,1,3.0493
47,46,2,5.0,1,3.0493
47,51,4,4.0,2,2.8047
47,66,1,5.0,1,2.8466
47,76,3,5.0,1,3.1931
47,90,3,4.5,2,2.9431
47,92,4,4.0,2,2.8047
48,42,1,5.0,1,2.8466
48,59,2,5.0,1,3.0493
48,77,2,5.0,1,3.0493
48,108,2,5.0,1,3.0493
48,114,2,4.0,1,2.5493
49,1,1,5.0,1,2.8466
49,3,1,3.0,1,1.8466
49,7,3,3.0,1,2.1931
49,9,6,4.333333333333333,3,3.1396
49,11,3,5.0,1,3.1931
49,17,1,4.0,1,2.3466
49,19,1,5.0,1,2.8466
49,112,4,5.0,2,3.3047
49,117,2,4.0,1,2.5493
49,118,8,4.0,3,3.0986
49,120,3,4.5,2,2.9431
50,44,5,4.5,2,3.1459
50,46,1,4.0,1,2.3466
50,51,1,3.0,1,1.8466
50,56,1,4.0,1,2.3466
50,62,3,5.0,1,3.1931
50,66,5,4.666666666666667,3,3.2292
50,69,3,5.0,1,3.1931
50,70,5,4.0,2,2.8959
50,74,1,3.0,1,1.8466
50,86,4,4.0,2,2.8047
50,90,3,5.0,1,3.1931
51,41,5,4.5,2,3.1459
51,47,7,4.666666666666667,3,3.3731
51,48,1,3.0,1,1.8466
51,49,6,3.3333333333333335,3,2.6396
51,50,2,5.0,1,3.0493
51,54,1,5.0,1,2.8466
51,58,8,4.25,4,3.2236
52,112,3,4.0,2,2.6931
52,117,4,5.0,3,3.3047
52,118,7,4.666666666666667,3,3.3731
52,120,4,4.0,2,2.8047
53,84,3,4.0,2,2.6931
53,88,1,4.0,1,2.3466
53,91,1,3.0,1,1.8466
53,93,3,4.0,1,2.6931
53,94,4,4.5,2,3.0547
53,97,4,5.0,2,3.3047
53,100,4,4.0,2,2.8047
54,84,2,5.0,1,3.0493
54,88,1,5.0,1,2.8466
54,91,6,4.5,2,3.223
54,93,6,4.5,2,3.223
54,94,10,4.75,4,3.5739
54,97,3,3.5,2,2.4431
54,100,5,5.0,2,3.3959
55,4,4,4.5,2,3.0547
55,10,4,4.0,2,2.8047
55,13,1,4.0,1,2.3466
55,14,6,4.666666666666667,3,3.3063
55,20,7,4.666666666666667,3,3.3731
55,21,3,5.0,1,3.1931
55,30,3,4.5,2,2.9431
55,33,3,5.0,1,3.1931
55,34,2,4.0,1,2.5493
55,37,3,5.0,1,3.1931
56,1,5,4.333333333333333,3,3.0625
56,3,2,4.0,2,2.5493
56,11,4,4.0,2,2.8047
56,16,3,5.0,2,3.1931
56,17,8,4.333333333333333,3,3.2653
56,19,16,4.571428571428571,7,3.7023
56,69,2,4.0,1,2.5493
56,70,3,4.0,1,2.6931
56,75,1,5.0,1,2.8466
56,76,9,4.333333333333333,3,3.318
57,123,3,5.0,1,3.1931
57,124,2,5.0,1,3.0493
57,125,2,5.0,1,3.0493
57,127,3,4.0,1,2.6931
57,135,1,3.0,1,1.8466
57,137,3,5.0,1,3.1931
57,138,3,3.0,1,2.1931
58,91,4,4.0,2,2.8047
58,94,3,4.0,2,2.6931
58,97,3,4.0,1,2.6931
59,121,5,4.333333333333333,3,3.0625
59,122,5,3.6666666666666665,3,2.7292
59,123,6,4.25,4,3.098
59,125,6,4.5,2,3.223
59,127,2,5.0,1,3.0493
59,128,5,4.5,2,3.1459
59,135,2,5.0,1,3.0493
59,137,6,4.333333333333333,3,3.1396
60,84,1,5.0,1,2.8466
60,88,3,3.0,1,2.1931
60,91,2,5.0,1,3.0493
60,94,1,4.0,1,2.3466
60,126,1,5.0,1,2.8466
60,130,2,5.0,1,3.0493
60,131,3,3.5,2,2.4431
60,132,2,5.0,1,3.0493
60,133,5,4.5,2,3.1459
60,140,1,5.0,1,2.8466
61,86,5,3.3333333333333335,3,2.5625
61,90,9,4.6,5,3.4513
61,92,5,3.6666666666666665,3,2.7292
62,44,8,3.6666666666666665,3,2.9319
62,46,2,4.0,2,2.5493
62,56,9,4.0,3,3.1513
63,82,11,4.5,4,3.4925
63,83,2,4.0,1,2.5493
63,85,6,4.25,4,3.098
63,87,6,4.0,3,2.973
63,89,1,5.0,1,2.8466
63,95,9,3.5,4,2.9013
63,96,4,4.5,2,3.0547
63,98,7,4.333333333333333,3,3.2064
63,99,5,4.0,2,2.8959
64,91,3,5.0,1,3.1931
64,104,1,4.0,1,2.3466
64,106,1,4.0,1,2.3466
64,107,1,5.0,1,2.8466
64,110,1,5.0,1,2.8466
65,44,3,5.0,2,3.1931
65,46,2,5.0,1,3.0493
65,51,4,4.5,2,3.0547
65,56,6,4.666666666666667,3,3.3063
65,112,3,4.0,1,2.6931
65,117,3,4.5,2,2.9431
65,118,2,3.0,1,2.0493
65,120,8,4.0,3,3.0986
66,44,7,4.666666666666667,3,3.3731
66,46,5,4.0,2,2.8959
66,51,4,4.5,2,3.0547
66,56,5,3.5,2,2.6459
67,81,8,4.333333333333333,3,3.2653
67,82,5,5.0,2,3.3959
67,83,4,5.0,2,3.3047
67,85,8,4.25,4,3.2236
67,87,1,5.0,1,2.8466
67,89,2,5.0,1,3.0493
67,95,2,5.0,1,3.0493
67,96,3,4.0,2,2.6931
67,98,8,4.666666666666667,3,3.4319
67,99,3,5.0,2,3.1931
68,2,6,3.6666666666666665,3,2.8063
68,5,6,4.0,2,2.973
68,6,7,4.666666666666667,3,3.3731
68,18,6,5.0,2,3.473
69,42,2,5.0,1,3.0493
69,131,2,5.0,1,3.0493
70,65,5,4.5,2,3.1459
70,77,3,3.0,1,2.1931
70,104,3,5.0,1,3.1931
70,107,1,4.0,1,2.3466
70,108,3,5.0,1,3.1931
70,110,1,4.0,1,2.3466
70,116,3,4.0,1,2.6931
71,2,2,3.5,2,2.2993
71,5,1,5.0,1,2.8466
71,6,2,5.0,1,3.0493
71,18,8,4.333333333333333,3,3.2653
71,82,1,4.0,1,2.3466
71,83,5,4.666666666666667,3,3.2292
71,85,3,5.0,3,3.1931
71,87,5,4.0,2,2.8959
71,89,3,4.0,1,2.6931
71,96,10,4.75,4,3.5739
71,98,2,3.0,1,2.0493
71,99,3,4.5,2,2.9431
72,5,3,3.5,2,2.4431
72,6,2,4.0,1,2.5493
72,18,3,3.0,1,2.1931
72,129,2,5.0,1,3.0493
72,134,5,4.5,2,3.1459
72,136,2,4.0,1,2.5493
73,41,6,5.0,3,3.473
73,47,1,3.0,1,1.8466
73,48,2,5.0,1,3.0493
73,49,3,3.5,2,2.4431
73,50,1,3.0,1,1.8466
73,54,3,3.0,1,2.1931
73,55,2,5.0,1,3.0493
73,60,3,5.0,1,3.1931
73,81,2,5.0,1,3.0493
73,82,7,4.666666666666667,3,3.3731
73,85,3,5.0,1,3.1931
73,87,2,5.0,1,3.0493
73,89,4,4.5,2,3.0547
73,96,2,5.0,1,3.0493
73,98,1,3.0,1,1.8466
73,99,4,4.5,2,3.0547
73,134,1,3.0,1,1.8466
73,136,4,4.666666666666667,3,3.1381
74,25,2,4.0,1,2.5493
74,46,3,5.0,1,3.1931
74,51,3,3.0,1,2.1931
74,62,1,5.0,1,2.8466
74,66,4,4.5,2,3.0547
74,70,5,4.75,4,3.2709
74,74,5,4.5,2,3.1459
74,75,1,5.0,1,2.8466
74,76,1,4.0,1,2.3466
75,45,2,5.0,1,3.0493
75,57,1,4.0,1,2.3466
75,59,5,4.0,2,2.8959
75,68,2,4.5,2,2.7993
75,77,3,4.0,1,2.6931
75,79,2,5.0,1,3.0493
75,80,4,4.0,2,2.8047
76,65,2,4.0,1,2.5493
76,68,1,5.0,1,2.8466
76,73,10,4.4,5,3.3989
76,77,1,5.0,1,2.8466
76,79,3,3.0,1,2.1931
76,80,6,4.666666666666667,3,3.3063
76,104,2,3.0,1,2.0493
76,106,8,3.75,4,2.9736
76,108,5,3.5,2,2.6459
76,110,2,5.0,1,3.0493
76,114,2,5.0,1,3.0493
77,61,6,5.0,3,3.473
77,63,10,4.75,4,3.5739
77,64,5,4.5,4,3.1459
77,67,7,5.0,3,3.5397
77,71,10,3.6,5,2.9989
77,72,5,5.0,2,3.3959
77,78,5,4.5,2,3.1459
78,126,6,4.5,2,3.223
78,130,3,4.0,1,2.6931
78,131,10,3.75,4,3.0739
78,132,4,4.666666666666667,3,3.1381
78,133,7,4.333333333333333,3,3.2064
78,139,6,4.5,4,3.223
78,140,4,4.333333333333333,3,2.9714
79,2,8,4.5,4,3.3486
79,6,4,4.5,2,3.0547
79,18,4,4.0,2,2.8047
79,61,7,4.75,4,3.4147
79,63,5,4.0,2,2.8959
79,64,4,4.5,2,3.0547
79,67,5,4.0,3,2.8959
79,71,5,4.5,2,3.1459
79,134,7,3.6666666666666665,3,2.8731
80,61,3,4.0,1,2.6931
80,63,2,5.0,1,3.0493
80,64,3,4.0,1,2.6931
80,67,3,5.0,1,3.1931
80,71,3,5.0,1,3.1931
80,78,5,4.0,2,2.8959
80,105,1,3.0,1,1.8466
80,113,5,4.0,2,2.8959
80,115,1,5.0,1,2.8466
81,42,11,4.4,5,3.4425
81,43,6,4.666666666666667,3,3.3063
81,45,4,5.0,2,3.3047
81,53,9,4.666666666666667,3,3.4846
81,57,3,4.0,2,2.6931
81,59,5,4.0,2,2.8959
82,21,2,5.0,1,3.0493
82,26,3,4.0,1,2.6931
82,30,1,5.0,1,2.8466
82,34,6,5.0,2,3.473
82,37,3,5.0,1,3.1931
82,84,6,4.0,2,2.973
82,88,1,5.0,1,2.8466
82,91,6,4.333333333333333,3,3.1396
82,94,1,4.0,1,2.3466
82,97,3,5.0,1,3.1931
82,100,2,5.0,1,3.0493
82,104,2,4.0,1,2.5493
82,106,4,3.6666666666666665,3,2.6381
82,107,3,3.0,1,2.1931
82,108,2,5.0,1,3.0493
82,110,1,5.0,1,2.8466
82,114,1,5.0,1,2.8466
82,116,8,3.6666666666666665,3,2.9319
83,2,1,3.0,1,1.8466
83,5,5,4.5,2,3.1459
83,6,7,4.25,4,3.1647
83,18,5,4.333333333333333,3,3.0625
83,23,2,3.0,1,2.0493
83,24,1,4.0,1,2.3466
83,28,2,4.0,2,2.5493
83,29,1,5.0,1,2.8466
83,36,3,4.5,2,2.9431
84,62,3,4.0,2,2.6931
84,66,3,5.0,1,3.1931
84,69,2,4.5,2,2.7993
84,70,4,3.5,2,2.5547
84,74,1,5.0,1,2.8466
85,65,3,5.0,1,3.1931
85,68,8,3.6666666666666665,3,2.9319
85,79,9,4.666666666666667,3,3.4846
85,80,7,4.666666666666667,3,3.3731
85,130,4,4.666666666666667,3,3.1381
85,131,5,4.5,2,3.1459
85,132,8,4.0,4,3.0986
85,133,5,5.0,2,3.3959
85,139,6,3.5,2,2.723
85,140,3,4.0,1,2.6931
86,61,5,4.333333333333333,3,3.0625
86,63,4,4.5,2,3.0547
86,64,4,4.5,2,3.0547
86,71,7,4.333333333333333,3,3.2064
86,72,5,3.5,2,2.6459
86,78,3,4.0,2,2.6931
87,42,3,5.0,1,3.1931
87,43,3,4.0,1,2.6931
87,45,1,5.0,1,2.8466
87,59,1,5.0,1,2.8466
88,51,3,3.0,1,2.1931
89,25,3,5.0,1,3.1931
89,32,7,5.0,3,3.5397
89,62,4,3.5,2,2.5547
89,66,5,4.0,2,2.8959
89,74,1,4.0,1,2.3466
89,76,3,4.0,1,2.6931
89,122,2,5.0,1,3.0493
89,123,2,5.0,1,3.0493
89,124,1,4.0,1,2.3466
89,125,1,4.0,1,2.3466
89,137,1,5.0,1,2.8466
89,138,2,4.0,1,2.5493
90,65,2,5.0,1,3.0493
90,73,3,5.0,1,3.1931
90,77,1,3.0,1,1.8466
90,79,1,5.0,1,2.8466
90,80,6,4.5,2,3.223
90,84,3,4.5,2,2.9431
90,88,3,4.0,1,2.6931
90,93,3,5.0,1,3.1931
90,97,3,5.0,1,3.1931
90,100,2,5.0,1,3.0493
90,126,3,4.0,2,2.6931
90,131,4,4.5,2,3.0547
90,133,1,4.0,1,2.3466
90,139,1,5.0,1,2.8466
91,84,3,4.0,1,2.6931
91,93,1,4.0,1,2.3466
91,94,2,5.0,1,3.0493
91,97,4,5.0,2,3.3047
91,100,2,4.0,1,2.5493
92,62,6,4.0,3,2.973
92,66,2,5.0,1,3.0493
92,69,8,4.6,5,3.3986
92,70,5,4.333333333333333,3,3.0625
92,74,8,4.5,4,3.3486
92,75,5,4.5,2,3.1459
92,76,6,5.0,2,3.473
92,112,2,4.0,1,2.5493
92,118,4,3.5,2,2.5547
93,2,2,5.0,1,3.0493
93,6,4,3.5,2,2.5547
93,18,3,4.0,2,2.6931
93,23,3,4.0,2,2.6931
93,24,4,4.0,3,2.8047
93,28,5,4.5,2,3.1459
93,29,5,5.0,2,3.3959
93,31,5,4.333333333333333,3,3.0625
93,36,2,4.0,1,2.5493
93,61,6,4.333333333333333,3,3.1396
93,63,2,5.0,1,3.0493
93,64,2,4.0,1,2.5493
93,71,5,4.5,2,3.1459
93,72,5,4.333333333333333,3,3.0625
93,78,2,5.0,1,3.0493
94,126,2,4.0,1,2.5493
94,131,2,5.0,1,3.0493
94,132,3,4.5,2,2.9431
94,133,3,5.0,2,3.1931
94,139,2,4.0,1,2.5493
94,140,3,5.0,1,3.1931
95,101,4,4.0,2,2.8047
95,102,2,4.0,1,2.5493
95,103,2,5.0,1,3.0493
95,105,7,3.6666666666666665,3,2.8731
95,111,6,4.0,3,2.973
95,113,4,4.5,2,3.0547
95,115,6,5.0,2,3.473
95,119,3,4.0,1,2.6931
96,42,3,5.0,1,3.1931
96,45,1,5.0,1,2.8466
96,57,2,3.0,1,2.0493
96,59,3,3.0,1,2.1931
96,126,3,4.0,1,2.6931
96,133,4,5.0,2,3.3047
96,139,2,4.0,1,2.5493
97,126,4,4.5,2,3.0547
97,130,5,4.5,2,3.1459
97,131,2,5.0,1,3.0493
97,132,7,4.5,4,3.2897
97,133,3,4.0,1,2.6931
97,139,4,3.3333333333333335,3,2.4714
97,140,5,4.0,2,2.8959
98,61,9,4.2,5,3.2513
98,63,1,5.0,1,2.8466
98,64,1,5.0,1,2.8466
98,67,3,4.0,2,2.6931
98,71,3,4.0,1,2.6931
98,72,1,3.0,1,1.8466
98,78,6,5.0,2,3.473
98,81,3,4.0,1,2.6931
98,83,1,4.0,1,2.3466
98,85,3,4.0,1,2.6931
98,89,1,4.0,1,2.3466
98,96,3,5.0,2,3.1931
98,105,4,4.5,2,3.0547
98,109,1,3.0,1,1.8466
98,111,4,4.5,2,3.0547
98,113,1,4.0,1,2.3466
98,115,4,4.5,2,3.0547
99,25,6,4.333333333333333,3,3.1396
99,27,3,5.0,1,3.1931
99,39,4,4.5,2,3.0547
99,40,3,4.0,1,2.6931
99,46,2,4.0,1,2.5493
99,51,3,4.0,2,2.6931
99,56,2,4.0,1,2.5493
99,112,2,5.0,1,3.0493
99,117,3,5.0,1,3.1931
99,120,3,5.0,1,3.1931
100,18,2,3.0,1,2.0493
100,63,3,4.0,1,2.6931
100,111,2,5.0,1,3.0493
101,14,4,4.0,2,2.8047
101,126,1,5.0,1,2.8466
101,131,3,3.0,1,2.1931
101,140,2,5.0,1,3.0493
102,22,5,5.0,3,3.3959
102,25,4,4.5,2,3.0547
102,27,5,3.5,2,2.6459
102,32,5,4.0,2,2.8959
102,35,9,4.25,4,3.2763
102,39,1,5.0,1,2.8466
102,40,7,4.0,4,3.0397
103,23,4,4.0,2,2.8047
103,24,5,4.0,2,2.8959
103,28,4,4.333333333333333,3,2.9714
103,29,3,4.0,2,2.6931
103,31,6,5.0,2,3.473
103,36,3,4.0,2,2.6931
104,25,3,3.0,1,2.1931
104,27,2,5.0,1,3.0493
104,32,5,4.5,2,3.1459
104,35,2,5.0,1,3.0493
104,39,8,5.0,3,3.5986
104,40,1,4.0,1,2.3466
104,62,3,3.0,1,2.1931
104,66,3,4.0,1,2.6931
104,70,4,4.5,2,3.0547
104,74,3,5.0,2,3.1931
104,75,4,4.0,2,2.8047
104,112,3,5.0,1,3.1931
104,118,6,4.333333333333333,3,3.1396
105,62,3,4.5,2,2.9431
105,69,1,5.0,1,2.8466
105,74,5,4.5,2,3.1459
105,76,4,5.0,2,3.3047
105,123,1,5.0,1,2.8466
105,124,2,3.0,1,2.0493
105,127,3,4.0,1,2.6931
105,135,7,4.333333333333333,3,3.2064
105,138,2,3.0,1,2.0493
106,10,5,3.5,2,2.6459
106,12,1,4.0,1,2.3466
106,14,2,3.0,1,2.0493
106,15,5,4.0,2,2.8959
106,20,1,5.0,1,2.8466
106,21,1,4.0,1,2.3466
106,33,2,5.0,1,3.0493
106,37,1,5.0,1,2.8466
106,88,3,4.0,1,2.6931
106,91,2,5.0,1,3.0493
106,93,3,5.0,1,3.1931
106,97,2,5.0,1,3.0493
106,100,2,5.0,1,3.0493
107,42,3,5.0,1,3.1931
107,53,2,3.5,2,2.2993
107,59,3,4.0,1,2.6931
107,65,2,5.0,2,3.0493
107,73,5,4.5,2,3.1459
107,77,8,4.333333333333333,3,3.2653
107,79,4,4.0,2,2.8047
107,80,6,3.6666666666666665,3,2.8063
107,108,4,4.0,2,2.8047
107,114,3,5.0,1,3.1931
108,8,3,4.0,1,2.6931
108,12,2,5.0,1,3.0493
108,13,1,5.0,1,2.8466
108,14,1,4.0,1,2.3466
108,15,6,4.333333333333333,3,3.1396
108,21,1,5.0,1,2.8466
108,26,1,5.0,1,2.8466
108,30,1,3.0,1,1.8466
108,37,3,5.0,1,3.1931
108,38,3,5.0,1,3.1931
109,41,3,5.0,1,3.1931
109,49,3,3.0,1,2.1931
109,52,5,5.0,3,3.3959
109,101,1,4.0,1,2.3466
109,103,5,4.0,2,2.8959
109,109,6,4.75,4,3.348
109,113,3,3.0,1,2.1931
110,86,8,4.333333333333333,3,3.2653
110,90,4,5.0,2,3.3047
110,92,7,4.666666666666667,3,3.3731
111,22,2,5.0,1,3.0493
111,25,1,5.0,1,2.8466
111,27,2,5.0,1,3.0493
111,32,2,5.0,1,3.0493
111,35,1,4.0,1,2.3466
111,40,3,3.0,1,2.1931
111,121,2,4.0,1,2.5493
111,125,2,5.0,1,3.0493
111,128,3,4.0,1,2.6931
112,93,6,4.5,2,3.223
112,94,3,5.0,1,3.1931
112,97,6,5.0,2,3.473
113,112,5,4.333333333333333,3,3.0625
113,117,6,4.5,2,3.223
113,118,1,5.0,1,2.8466
113,120,1,4.0,1,2.3466
114,84,3,5.0,1,3.1931
114,88,5,4.333333333333333,3,3.0625
114,91,5,3.5,2,2.6459
114,93,6,4.333333333333333,3,3.1396
114,94,6,3.75,4,2.848
114,97,6,4.0,4,2.973
114,100,4,4.0,3,2.8047
115,61,2,4.0,1,2.5493
115,63,4,5.0,3,3.3047
115,64,5,3.75,4,2.7709
115,67,4,4.5,2,3.0547
115,71,4,5.0,2,3.3047
115,72,2,5.0,1,3.0493
115,78,3,4.5,2,2.9431
115,101,4,4.0,3,2.8047
115,103,1,4.0,1,2.3466
115,105,2,3.0,1,2.0493
115,111,3,5.0,1,3.1931
115,113,1,4.0,1,2.3466
115,115,1,5.0,1,2.8466
115,119,5,4.0,2,2.8959
116,84,2,4.0,1,2.5493
116,88,2,5.0,1,3.0493
116,93,4,5.0,2,3.3047
116,94,1,5.0,1,2.8466
116,97,3,5.0,1,3.1931
116,126,4,5.0,2,3.3047
116,131,3,5.0,1,3.1931
116,139,4,3.0,2,2.3047
117,47,1,5.0,1,2.8466
117,52,4,4.0,2,2.8047
117,54,5,4.0,2,2.8959
117,58,5,5.0,2,3.3959
117,101,6,4.666666666666667,3,3.3063
117,102,2,3.0,1,2.0493
117,105,3,5.0,1,3.1931
117,109,1,4.0,1,2.3466
118,121,4,5.0,2,3.3047
118,122,1,5.0,1,2.8466
118,123,11,4.6,5,3.5425
118,124,3,4.666666666666667,3,3.0265
118,125,6,4.5,4,3.223
118,127,2,3.0,1,2.0493
118,128,13,4.5,6,3.5695
118,135,5,3.5,2,2.6459
118,137,12,4.2,5,3.3825
118,138,9,4.0,3,3.1513
119,126,2,4.0,1,2.5493
119,130,1,5.0,1,2.8466
119,131,3,3.0,1,2.1931
119,132,2,5.0,1,3.0493
119,133,1,3.0,1,1.8466
119,139,1,4.0,1,2.3466
119,140,1,3.0,1,1.8466
120,65,7,4.666666666666667,3,3.3731
120,68,5,4.333333333333333,3,3.0625
120,73,13,4.6,5,3.6195
120,77,2,4.0,2,2.5493
120,79,6,5.0,3,3.473
120,80,12,4.8,5,3.6825
121,10,3,5.0,1,3.1931
121,43,3,5.0,1,3.1931
121,53,2,5.0,1,3.0493
122,22,3,3.0,1,2.1931
122,25,3,4.0,1,2.6931
122,27,1,3.0,1,1.8466
122,32,2,3.0,1,2.0493
122,35,4,4.0,2,2.8047
122,40,8,4.666666666666667,3,3.4319
122,86,2,4.0,1,2.5493
122,92,2,5.0,1,3.0493
123,61,6,5.0,3,3.473
123,63,2,5.0,1,3.0493
123,64,1,3.0,1,1.8466
123,67,1,3.0,1,1.8466
123,71,1,5.0,1,2.8466
123,78,1,4.0,1,2.3466
123,101,3,4.0,2,2.6931
123,102,1,3.0,1,1.8466
123,105,3,4.0,1,2.6931
123,109,1,5.0,1,2.8466
123,111,1,4.0,1,2.3466
123,115,4,4.5,2,3.0547
124,2,1,4.0,1,2.3466
124,5,4,3.5,2,2.5547
124,6,6,5.0,2,3.473
124,18,3,5.0,1,3.1931
124,61,5,5.0,2,3.3959
124,63,1,4.0,1,2.3466
124,67,3,4.5,2,2.9431
124,71,1,3.0,1,1.8466
124,78,3,4.0,1,2.6931
125,44,2,4.0,2,2.5493
125,46,3,4.0,2,2.6931
125,51,2,4.0,1,2.5493
125,56,7,5.0,3,3.5397
125,62,6,4.0,3,2.973
125,66,6,4.666666666666667,3,3.3063
125,69,5,3.5,2,2.6459
125,70,5,3.5,2,2.6459
125,74,4,4.0,3,2.8047
125,75,3,3.0,2,2.1931
125,76,6,3.6666666666666665,3,2.8063
126,25,4,4.5,2,3.0547
126,27,1,3.0,1,1.8466
126,35,5,4.5,2,3.1459
126,40,1,5.0,1,2.8466
126,70,3,5.0,1,3.1931
126,76,1,5.0,1,2.8466
126,112,3,5.0,1,3.1931
126,118,2,5.0,1,3.0493
126,120,3,5.0,1,3.1931
127,3,3,5.0,1,3.1931
127,7,3,5.0,2,3.1931
127,9,3,5.0,1,3.1931
127,11,12,4.75,4,3.6575
127,17,2,3.0,1,2.0493
127,19,4,3.5,2,2.5547
127,46,4,4.5,2,3.0547
127,51,1,4.0,1,2.3466
127,56,3,4.666666666666667,3,3.0265
128,24,2,4.0,1,2.5493
128,29,1,4.0,1,2.3466
128,31,2,5.0,1,3.0493
128,54,1,4.0,1,2.3466
128,58,3,5.0,2,3.1931
128,60,2,5.0,1,3.0493
129,4,3,3.0,1,2.1931
129,8,1,5.0,1,2.8466
129,10,2,5.0,1,3.0493
129,12,3,4.0,1,2.6931
129,13,3,5.0,1,3.1931
129,15,4,4.0,2,2.8047
129,20,3,4.0,1,2.6931
129,65,6,4.0,2,2.973
129,68,5,5.0,2,3.3959
129,77,1,5.0,1,2.8466
129,80,3,3.5,2,2.4431
130,101,4,5.0,2,3.3047
130,102,4,5.0,3,3.3047
130,105,2,4.0,2,2.5493
130,109,1,4.0,1,2.3466
130,113,3,3.0,1,2.1931
130,119,2,5.0,1,3.0493
131,126,2,4.0,1,2.5493
131,130,7,4.25,4,3.1647
131,131,10,4.5,6,3.4489
131,132,4,4.5,2,3.0547
131,133,8,4.5,4,3.3486
131,139,4,5.0,2,3.3047
131,140,9,4.5,4,3.4013
132,1,4,4.0,2,2.8047
132,3,1,5.0,1,2.8466
132,7,2,4.0,2,2.5493
132,9,10,4.25,4,3.3239
132,11,3,5.0,1,3.1931
132,16,2,4.5,2,2.7993
132,17,2,5.0,1,3.0493
132,19,2,4.0,1,2.5493
133,41,4,4.0,2,2.8047
133,47,5,4.5,2,3.1459
133,48,1,5.0,1,2.8466
133,49,4,4.0,2,2.8047
133,50,1,4.0,1,2.3466
133,52,3,5.0,1,3.1931
133,54,4,4.5,2,3.0547
133,55,5,4.0,2,2.8959
133,58,2,4.0,1,2.5493
134,22,5,4.0,2,2.8959
134,25,6,4.0,2,2.973
134,27,4,4.0,2,2.8047
134,32,3,3.5,2,2.4431
134,39,2,4.0,1,2.5493
134,40,3,5.0,2,3.1931
135,2,1,4.0,1,2.3466
135,5,1,4.0,1,2.3466
135,6,2,4.0,1,2.5493
135,18,3,4.0,1,2.6931
135,23,3,5.0,2,3.1931
135,24,8,4.0,4,3.0986
135,28,5,4.0,2,2.8959
135,29,9,4.666666666666667,3,3.4846
135,36,5,4.0,2,2.8959
135,129,3,3.0,1,2.1931
135,134,5,4.666666666666667,3,3.2292
135,136,1,4.0,1,2.3466
136,8,4,5.0,2,3.3047
136,12,5,4.5,2,3.1459
136,13,2,4.0,1,2.5493
136,14,2,3.0,1,2.0493
136,21,1,4.0,1,2.3466
136,30,4,4.0,2,2.8047
136,33,1,5.0,1,2.8466
136,34,3,5.0,1,3.1931
137,4,3,5.0,1,3.1931
137,10,5,3.5,2,2.6459
137,104,5,5.0,2,3.3959
137,106,2,5.0,1,3.0493
137,107,1,3.0,1,1.8466
137,110,3,4.0,2,2.6931
137,114,3,4.5,2,2.9431
137,126,1,4.0,1,2.3466
137,133,2,3.0,1,2.0493
137,139,1,5.0,1,2.8466
137,140,2,5.0,1,3.0493
138,2,2,5.0,1,3.0493
138,5,2,5.0,1,3.0493
138,61,3,3.0,1,2.1931
138,63,4,3.0,2,2.3047
138,64,3,4.0,1,2.6931
138,67,3,4.0,1,2.6931
138,72,3,4.0,1,2.6931
138,82,2,4.0,1,2.5493
138,87,2,5.0,1,3.0493
138,89,2,5.0,1,3.0493
138,95,2,3.0,1,2.0493
138,98,3,4.0,1,2.6931
139,6,1,5.0,1,2.8466
139,18,1,3.0,1,1.8466
139,41,3,3.0,1,2.1931
139,47,4,4.5,2,3.0547
139,48,2,3.0,1,2.0493
139,50,4,3.5,2,2.5547
139,54,2,5.0,1,3.0493
139,58,1,4.0,1,2.3466
139,63,2,5.0,1,3.0493
139,67,3,5.0,1,3.1931
140,2,2,5.0,1,3.0493
140,5,2,3.0,1,2.0493
140,6,7,4.25,4,3.1647
140,61,5,4.0,2,2.8959
140,72,1,5.0,1,2.8466
140,78,4,5.0,2,3.3047
140,105,4,4.5,2,3.0547
140,111,1,4.0,1,2.3466
140,113,2,4.0,1,2.5493
140,115,1,5.0,1,2.8466
140,119,1,4.0,1,2.3466
141,2,4,5.0,2,3.3047
141,5,7,4.5,4,3.2897
141,6,9,3.6666666666666665,3,2.9846
141,18,6,4.5,2,3.223
142,42,1,5.0,1,2.8466
142,45,3,4.5,2,2.9431
142,57,1,5.0,1,2.8466
142,91,2,5.0,1,3.0493
142,100,3,5.0,1,3.1931
143,84,2,3.0,1,2.0493
143,88,3,4.0,1,2.6931
143,93,1,5.0,1,2.8466
143,94,3,5.0,1,3.1931
143,97,1,3.0,1,1.8466
143,126,6,4.333333333333333,3,3.1396
143,130,1,3.0,1,1.8466
143,131,1,4.0,1,2.3466
143,132,2,5.0,1,3.0493
143,133,3,4.0,1,2.6931
143,139,1,3.0,1,1.8466
143,140,3,4.0,1,2.6931
144,26,1,4.0,1,2.3466
144,30,3,4.0,1,2.6931
144,33,4,4.5,2,3.0547
144,37,1,3.0,1,1.8466
144,38,1,4.0,1,2.3466
144,84,3,3.0,1,2.1931
144,93,3,5.0,2,3.1931
144,94,3,5.0,1,3.1931
144,100,4,3.6666666666666665,3,2.6381
144,130,3,5.0,2,3.1931
144,131,3,3.5,2,2.4431
144,140,2,5.0,1,3.0493
145,65,2,5.0,1,3.0493
145,68,5,4.0,2,2.8959
145,77,1,4.0,1,2.3466
145,79,1,4.0,1,2.3466
145,130,5,3.0,2,2.3959
145,131,4,5.0,2,3.3047
145,133,2,4.0,1,2.5493
145,139,2,5.0,1,3.0493
146,42,8,4.0,3,3.0986
146,43,1,4.0,1,2.3466
146,45,6,4.25,4,3.098
146,53,4,4.0,2,2.8047
146,57,4,3.0,2,2.3047
146,59,4,4.0,2,2.8047
146,104,3,5.0,1,3.1931
146,106,2,5.0,1,3.0493
146,107,1,5.0,1,2.8466
146,108,7,4.333333333333333,3,3.2064
146,110,1,4.0,1,2.3466
146,114,4,3.6666666666666665,3,2.6381
146,116,3,5.0,1,3.1931
147,6,1,3.0,1,1.8466
147,18,4,4.5,2,3.0547
147,129,1,4.0,1,2.3466
147,134,1,3.0,1,1.8466
147,136,4,3.5,2,2.5547
148,22,6,4.0,2,2.973
148,32,2,5.0,1,3.0493
148,39,1,4.0,1,2.3466
148,51,3,5.0,1,3.1931
148,56,1,5.0,1,2.8466
148,118,1,3.0,1,1.8466
148,120,3,5.0,1,3.1931
149,4,5,4.0,2,2.8959
149,8,3,5.0,2,3.1931
149,10,2,4.0,1,2.5493
149,12,6,4.5,2,3.223
149,13,2,4.0,1,2.5493
149,42,3,4.5,2,2.9431
149,43,5,4.5,2,3.1459
149,57,1,5.0,1,2.8466
149,59,4,4.0,2,2.8047
149,104,4,4.5,2,3.0547
149,106,3,5.0,3,3.1931
149,107,3,3.5,2,2.4431
149,108,5,5.0,2,3.3959
149,110,1,3.0,1,1.8466
149,114,2,5.0,1,3.0493
149,116,4,4.5,2,3.0547
150,42,1,5.0,1,2.8466
150,43,2,5.0,1,3.0493
150,45,1,5.0,1,2.8466
150,53,3,5.0,1,3.1931
150,84,2,5.0,1,3.0493
150,88,1,3.0,1,1.8466
150,91,6,4.5,2,3.223
150,94,3,5.0,1,3.1931
150,97,1,4.0,1,2.3466
150,100,2,4.0,1,2.5493
151,22,8,4.75,4,3.4736
151,32,6,4.666666666666667,3,3.3063
151,35,2,5.0,1,3.0493
151,39,5,3.6666666666666665,3,2.7292
151,40,10,4.4,5,3.3989
152,88,3,5.0,1,3.1931
152,91,5,5.0,2,3.3959
152,93,1,5.0,1,2.8466
152,94,3,3.0,1,2.1931
152,97,2,5.0,2,3.0493
152,100,5,5.0,2,3.3959
152,126,3,4.0,1,2.6931
152,130,3,5.0,1,3.1931
152,132,1,5.0,1,2.8466
152,133,1,5.0,1,2.8466
152,139,2,3.0,1,2.0493
152,140,9,4.5,4,3.4013
153,126,4,4.333333333333333,3,2.9714
153,130,3,4.0,2,2.6931
153,131,6,4.666666666666667,3,3.3063
153,132,9,4.333333333333333,3,3.318
153,133,10,4.6,5,3.4989
153,139,3,4.0,2,2.6931
154,1,5,4.5,2,3.1459
154,3,2,4.0,1,2.5493
154,7,7,4.666666666666667,3,3.3731
154,9,2,5.0,1,3.0493
154,16,4,5.0,2,3.3047
154,17,4,3.5,2,2.5547
154,19,3,5.0,1,3.1931
154,90,3,4.0,1,2.6931
154,112,5,3.5,4,2.6459
154,118,1,5.0,1,2.8466
154,120,4,4.0,2,2.8047
155,44,7,5.0,3,3.5397
155,46,4,4.5,2,3.0547
155,51,6,4.0,3,2.973
155,56,4,5.0,3,3.3047
156,23,4,4.0,3,2.8047
156,28,12,3.8,5,3.1825
156,29,9,5.0,3,3.6513
156,31,4,5.0,2,3.3047
156,36,4,4.333333333333333,3,2.9714
157,112,7,4.5,4,3.2897
157,117,4,4.333333333333333,3,2.9714
157,118,8,4.0,4,3.0986
157,120,8,4.75,4,3.4736
158,65,8,4.333333333333333,3,3.2653
158,68,10,4.0,4,3.1989
158,73,11,5.0,6,3.7425
158,77,8,4.0,4,3.0986
158,79,4,4.0,2,2.8047
158,80,11,3.8,5,3.1425
159,114,1,4.0,1,2.3466
160,24,1,5.0,1,2.8466
160,28,3,3.0,1,2.1931
160,29,9,4.0,4,3.1513
160,31,2,5.0,1,3.0493
161,45,5,3.6666666666666665,3,2.7292
161,53,10,5.0,4,3.6989
161,57,2,3.0,1,2.0493
162,41,4,4.5,2,3.0547
162,48,1,5.0,1,2.8466
162,52,3,5.0,1,3.1931
162,58,6,4.5,2,3.223
162,60,1,4.0,1,2.3466
162,63,3,5.0,1,3.1931
162,67,1,3.0,1,1.8466
162,72,2,4.0,1,2.5493
162,136,3,4.0,1,2.6931
163,3,2,5.0,1,3.0493
163,11,3,4.0,1,2.6931
163,16,4,4.5,2,3.0547
164,10,3,4.0,1,2.6931
164,12,3,4.0,1,2.6931
164,13,1,5.0,1,2.8466
164,21,2,5.0,1,3.0493
164,26,6,4.0,2,2.973
164,33,1,3.0,1,1.8466
164,42,2,5.0,1,3.0493
164,43,2,4.0,2,2.5493
164,53,1,5.0,1,2.8466
165,47,3,4.0,1,2.6931
165,48,3,5.0,1,3.1931
165,49,4,4.0,2,2.8047
165,52,2,5.0,1,3.0493
165,54,3,5.0,1,3.1931
165,55,3,4.5,2,2.9431
165,58,2,3.0,1,2.0493
165,60,2,5.0,1,3.0493
166,8,1,4.0,1,2.3466
166,10,1,4.0,1,2.3466
166,13,1,5.0,1,2.8466
166,14,2,5.0,1,3.0493
166,15,2,3.0,1,2.0493
166,126,1,5.0,1,2.8466
166,131,2,4.0,1,2.5493
166,133,2,3.0,1,2.0493
166,140,1,4.0,1,2.3466
167,81,1,5.0,1,2.8466
167,83,4,5.0,2,3.3047
167,85,3,5.0,1,3.1931
167,87,2,5.0,1,3.0493
167,95,3,5.0,1,3.1931
167,98,6,5.0,2,3.473
167,99,3,5.0,1,3.1931
167,101,3,5.0,1,3.1931
167,102,3,4.0,1,2.6931
167,105,1,5.0,1,2.8466
167,113,3,4.0,1,2.6931
167,115,4,4.0,2,2.8047
167,119,2,4.0,1,2.5493
168,1,3,4.0,2,2.6931
168,3,2,4.0,1,2.5493
168,7,1,5.0,1,2.8466
168,9,2,5.0,1,3.0493
168,11,1,4.0,1,2.3466
168,19,3,4.5,2,2.9431
168,62,4,5.0,2,3.3047
168,66,2,4.0,1,2.5493
168,69,3,5.0,1,3.1931
168,74,3,3.5,2,2.4431
169,16,3,4.0,1,2.6931
169,44,3,5.0,1,3.1931
169,56,2,5.0,1,3.0493
170,41,3,4.0,1,2.6931
170,47,4,4.0,2,2.8047
170,48,3,4.0,1,2.6931
170,55,3,3.0,1,2.1931
170,60,2,4.0,1,2.5493
170,61,3,4.0,1,2.6931
170,64,5,4.0,2,2.8959
170,67,3,4.0,1,2.6931
170,71,2,4.0,1,2.5493
170,109,3,5.0,1,3.1931
170,113,1,4.0,1,2.3466
171,121,2,5.0,2,3.0493
171,122,4,4.0,2,2.8047
171,123,3,4.0,1,2.6931
171,125,3,4.5,2,2.9431
171,127,1,5.0,1,2.8466
171,128,8,4.666666666666667,3,3.4319
171,135,6,4.0,3,2.973
171,137,2,3.0,1,2.0493
171,138,2,5.0,1,3.0493
172,5,3,5.0,1,3.1931
172,6,2,3.0,1,2.0493
172,18,3,4.0,1,2.6931
173,1,4,4.5,2,3.0547
173,3,6,4.333333333333333,3,3.1396
173,9,1,5.0,1,2.8466
173,11,1,5.0,1,2.8466
173,16,2,4.0,1,2.5493
173,17,3,3.5,2,2.4431
173,46,3,5.0,1,3.1931
173,51,4,4.666666666666667,3,3.1381
173,56,2,4.0,1,2.5493
173,62,6,4.666666666666667,3,3.3063
173,66,3,5.0,1,3.1931
173,69,2,3.0,1,2.0493
173,70,5,4.5,2,3.1459
173,74,3,5.0,1,3.1931
173,75,1,5.0,1,2.8466
174,1,6,4.5,2,3.223
174,7,3,4.0,1,2.6931
174,9,9,3.6666666666666665,3,2.9846
174,16,3,4.0,2,2.6931
174,17,4,5.0,2,3.3047
174,19,8,4.75,4,3.4736
175,22,3,5.0,1,3.1931
175,25,2,4.0,1,2.5493
175,27,2,5.0,1,3.0493
175,40,1,3.0,1,1.8466
175,112,3,5.0,1,3.1931
175,118,3,5.0,1,3.1931
176,21,1,4.0,1,2.3466
176,26,3,4.0,1,2.6931
176,34,3,4.0,1,2.6931
176,37,4,4.0,2,2.8047
176,38,1,5.0,1,2.8466
177,121,5,4.666666666666667,3,3.2292
177,122,11,4.5,4,3.4925
177,123,5,5.0,2,3.3959
177,124,3,4.0,1,2.6931
177,125,9,4.0,4,3.1513
177,127,2,4.0,1,2.5493
177,128,9,4.0,4,3.1513
177,135,8,4.0,4,3.0986
177,137,6,4.333333333333333,3,3.1396
178,62,7,4.666666666666667,3,3.3731
178,66,1,5.0,1,2.8466
178,69,2,5.0,1,3.0493
178,70,2,4.0,1,2.5493
178,74,2,4.0,1,2.5493
178,75,3,5.0,1,3.1931
178,76,2,5.0,1,3.0493
178,86,2,4.0,1,2.5493
178,90,3,4.0,1,2.6931
179,41,2,3.5,2,2.2993
179,49,2,4.0,1,2.5493
179,54,3,4.0,1,2.6931
179,82,3,3.0,1,2.1931
179,83,3,5.0,1,3.1931
179,85,2,5.0,1,3.0493
179,96,2,5.0,1,3.0493
179,98,1,5.0,1,2.8466
179,105,3,5.0,1,3.1931
179,109,1,4.0,1,2.3466
179,111,2,4.0,1,2.5493
180,42,3,3.0,1,2.1931
180,43,2,5.0,1,3.0493
180,45,3,4.0,1,2.6931
180,59,2,4.0,1,2.5493
180,116,3,5.0,1,3.1931
181,8,2,5.0,1,3.0493
181,20,3,3.0,1,2.1931
181,42,1,5.0,1,2.8466
181,53,3,4.0,1,2.6931
181,77,1,5.0,1,2.8466
182,2,1,4.0,1,2.3466
182,5,3,4.0,2,2.6931
182,6,2,4.0,1,2.5493
182,18,5,5.0,2,3.3959
182,103,2,5.0,1,3.0493
182,105,7,5.0,3,3.5397
182,109,3,4.0,2,2.6931
182,111,2,4.0,2,2.5493
182,113,2,4.5,2,2.7993
182,115,1,4.0,1,2.3466
183,62,3,3.0,2,2.1931
183,66,5,4.333333333333333,3,3.0625
183,70,5,4.0,3,2.8959
183,74,1,4.0,1,2.3466
183,75,2,3.0,1,2.0493
183,76,4,4.0,2,2.8047
183,86,5,5.0,2,3.3959
183,92,6,4.5,4,3.223
184,30,2,5.0,1,3.0493
184,34,4,4.0,2,2.8047
184,42,1,5.0,1,2.8466
184,43,3,5.0,1,3.1931
184,45,3,5.0,1,3.1931
184,88,1,4.0,1,2.3466
184,91,2,3.0,1,2.0493
184,93,1,4.0,1,2.3466
184,94,2,5.0,1,3.0493
184,97,6,4.0,3,2.973
184,100,1,5.0,1,2.8466
185,1,1,4.0,1,2.3466
185,3,2,5.0,1,3.0493
185,7,4,3.5,2,2.5547
185,9,2,4.0,1,2.5493
185,11,3,3.0,1,2.1931
185,16,5,4.5,2,3.1459
185,17,1,3.0,1,1.8466
185,19,4,5.0,2,3.3047
185,44,1,5.0,1,2.8466
185,46,3,4.0,1,2.6931
185,51,4,5.0,2,3.3047
185,56,5,4.666666666666667,3,3.2292
186,2,9,4.0,3,3.1513
186,5,7,4.666666666666667,3,3.3731
186,6,6,3.6666666666666665,3,2.8063
186,18,10,4.5,4,3.4489
187,21,3,4.0,1,2.6931
187,33,5,4.5,2,3.1459
187,34,4,4.5,2,3.0547
187,38,1,4.0,1,2.3466
187,53,3,5.0,1,3.1931
187,59,6,4.0,3,2.973
187,84,1,5.0,1,2.8466
187,88,2,5.0,1,3.0493
187,91,3,4.5,2,2.9431
187,93,1,3.0,1,1.8466
187,100,2,3.0,1,2.0493
188,81,3,5.0,1,3.1931
188,82,3,5.0,1,3.1931
188,83,1,4.0,1,2.3466
188,89,3,5.0,1,3.1931
188,95,3,4.0,1,2.6931
188,98,3,4.0,1,2.6931
188,101,3,4.0,1,2.6931
188,102,4,5.0,2,3.3047
188,109,1,4.0,1,2.3466
188,115,2,5.0,1,3.0493
188,119,2,5.0,1,3.0493
189,3,3,5.0,2,3.1931
189,7,3,5.0,2,3.1931
189,9,3,5.0,1,3.1931
189,11,2,5.0,1,3.0493
189,16,5,4.666666666666667,3,3.2292
189,17,2,5.0,1,3.0493
189,19,1,4.0,1,2.3466
189,92,1,4.0,1,2.3466
190,81,8,4.5,4,3.3486
190,82,4,4.0,2,2.8047
190,83,2,5.0,1,3.0493
190,89,1,5.0,1,2.8466
190,95,1,4.0,1,2.3466
190,96,6,4.5,2,3.223
190,98,5,3.5,2,2.6459
190,102,1,5.0,1,2.8466
190,103,2,5.0,1,3.0493
190,105,1,3.0,1,1.8466
190,113,3,3.0,1,2.1931
190,129,1,4.0,1,2.3466
190,136,2,3.0,1,2.0493
191,22,2,5.0,2,3.0493
191,27,3,4.0,1,2.6931
191,39,3,5.0,1,3.1931
191,40,3,5.0,1,3.1931
191,44,5,3.5,2,2.6459
191,56,8,4.0,3,3.0986
191,112,5,5.0,3,3.3959
191,117,2,5.0,2,3.0493
191,118,1,5.0,1,2.8466
192,16,2,4.0,1,2.5493
192,46,4,4.0,2,2.8047
192,51,2,4.0,1,2.5493
192,56,3,4.0,1,2.6931
192,112,5,4.0,2,2.8959
193,82,5,4.0,2,2.8959
193,85,5,4.0,2,2.8959
193,95,3,5.0,1,3.1931
193,96,1,5.0,1,2.8466
193,99,1,5.0,1,2.8466
193,102,3,5.0,1,3.1931
193,103,2,4.0,1,2.5493
193,113,3,5.0,1,3.1931
193,129,1,3.0,1,1.8466
193,134,1,5.0,1,2.8466
194,8,3,3.0,1,2.1931
194,10,3,4.0,2,2.6931
195,23,3,5.0,1,3.1931
195,24,1,4.0,1,2.3466
195,28,3,4.5,2,2.9431
195,36,5,4.5,2,3.1459
195,129,6,4.5,2,3.223
195,134,2,5.0,1,3.0493
195,136,1,4.0,1,2.3466
196,86,2,5.0,2,3.0493
196,90,5,4.0,2,2.8959
196,92,5,4.333333333333333,3,3.0625
197,81,2,5.0,1,3.0493
197,82,5,5.0,2,3.3959
197,83,2,5.0,1,3.0493
197,87,2,5.0,1,3.0493
197,95,1,3.0,1,1.8466
197,96,1,3.0,1,1.8466
197,99,2,4.0,1,2.5493
197,129,3,5.0,1,3.1931
197,134,6,4.0,3,2.973
197,136,1,5.0,1,2.8466
198,22,7,4.666666666666667,3,3.3731
198,25,3,5.0,2,3.1931
198,32,3,3.0,1,2.1931
198,35,1,5.0,1,2.8466
198,39,8,4.166666666666667,6,3.1819
198,40,6,4.5,2,3.223
199,65,2,5.0,1,3.0493
199,68,5,5.0,2,3.3959
199,73,2,5.0,1,3.0493
199,77,4,4.5,2,3.0547
199,79,7,4.5,4,3.2897
199,80,8,4.0,5,3.0986
200,104,1,5.0,1,2.8466
200,106,3,4.0,1,2.6931
200,107,2,5.0,1,3.0493
200,108,1,4.0,1,2.3466
200,110,2,3.0,1,2.0493
200,114,6,4.666666666666667,3,3.3063
200,116,2,4.5,2,2.7993
200,126,6,4.5,2,3.223
200,130,1,4.0,1,2.3466
200,131,2,4.0,1,2.5493
200,132,5,5.0,3,3.3959
200,133,1,4.0,1,2.3466
201,61,4,5.0,2,3.3047
201,63,2,4.0,1,2.5493
201,64,3,5.0,1,3.1931
201,67,3,5.0,1,3.1931
201,71,4,4.0,2,2.8047
201,129,2,5.0,1,3.0493
201,136,4,5.0,2,3.3047
202,42,5,4.0,2,2.8959
202,45,1,5.0,1,2.8466
202,53,4,4.0,2,2.8047
202,59,7,4.333333333333333,3,3.2064
202,130,2,5.0,1,3.0493
202,131,3,4.0,1,2.6931
202,132,4,4.5,2,3.0547
202,133,5,5.0,3,3.3959
202,139,1,4.0,1,2.3466
203,129,6,5.0,4,3.473
203,134,4,5.0,2,3.3047
203,136,6,3.6666666666666665,3,2.8063
204,104,5,4.0,2,2.8959
204,106,2,4.0,2,2.5493
204,108,1,4.0,1,2.3466
204,110,4,4.0,2,2.8047
204,116,2,4.5,2,2.7993
205,8,1,5.0,1,2.8466
205,13,6,4.0,3,2.973
205,14,4,4.0,2,2.8047
205,15,3,4.0,1,2.6931
205,20,3,4.0,1,2.6931
205,84,4,4.5,2,3.0547
205,91,1,3.0,1,1.8466
205,94,3,5.0,1,3.1931
205,97,2,4.0,1,2.5493
205,130,3,5.0,1,3.1931
205,131,3,4.0,1,2.6931
205,133,5,4.5,2,3.1459
205,139,2,4.0,1,2.5493
205,140,4,4.5,2,3.0547
206,21,2,4.0,2,2.5493
206,26,7,4.333333333333333,3,3.2064
206,33,3,4.0,2,2.6931
206,37,3,4.5,2,2.9431
206,38,5,3.0,2,2.3959
206,84,3,5.0,2,3.1931
206,88,3,4.0,1,2.6931
206,91,4,4.5,2,3.0547
206,93,3,4.0,1,2.6931
206,94,2,5.0,1,3.0493
206,97,1,4.0,1,2.3466
206,100,3,5.0,1,3.1931
207,2,3,4.5,2,2.9431
207,5,7,5.0,3,3.5397
207,6,1,5.0,1,2.8466
207,61,3,4.5,2,2.9431
207,63,2,5.0,1,3.0493
207,64,5,4.5,2,3.1459
207,67,2,4.0,1,2.5493
207,78,3,4.5,2,2.9431
208,61,7,4.666666666666667,3,3.3731
208,63,7,3.3333333333333335,3,2.7064
208,64,6,4.0,4,2.973
208,67,5,4.666666666666667,3,3.2292
208,71,6,3.75,4,2.848
208,72,3,5.0,2,3.1931
208,78,3,5.0,2,3.1931
209,7,1,5.0,1,2.8466
209,11,1,4.0,1,2.3466
209,16,1,5.0,1,2.8466
209,112,2,4.0,1,2.5493
209,117,3,3.0,1,2.1931
209,118,2,3.0,1,2.0493
210,42,3,5.0,2,3.1931
210,43,1,4.0,1,2.3466
210,45,3,5.0,1,3.1931
210,53,3,4.5,2,2.9431
210,59,8,4.666666666666667,3,3.4319
211,4,1,4.0,1,2.3466
211,8,1,5.0,1,2.8466
211,12,2,5.0,1,3.0493
211,13,2,3.0,1,2.0493
211,15,2,4.0,1,2.5493
211,20,1,5.0,1,2.8466
211,106,3,5.0,1,3.1931
211,107,1,5.0,1,2.8466
211,108,3,4.0,1,2.6931
211,110,2,5.0,1,3.0493
211,114,3,4.5,2,2.9431
211,126,2,3.0,1,2.0493
211,130,1,5.0,1,2.8466
211,131,2,4.0,1,2.5493
211,133,4,4.5,2,3.0547
212,71,1,4.0,1,2.3466
212,78,1,5.0,1,2.8466
212,95,4,3.0,2,2.3047
212,99,1,5.0,1,2.8466
213,2,6,4.333333333333333,3,3.1396
213,5,4,4.0,2,2.8047
213,6,8,4.5,4,3.3486
213,18,7,3.6666666666666665,3,2.8731
214,4,3,5.0,2,3.1931
214,8,7,4.666666666666667,3,3.3731
214,10,7,4.75,4,3.4147
214,12,2,5.0,1,3.0493
214,13,3,3.0,1,2.1931
214,14,9,3.5,4,2.9013
214,15,2,4.0,1,2.5493
214,20,3,3.0,1,2.1931
215,39,3,3.0,1,2.1931
215,90,3,5.0,1,3.1931
215,92,3,5.0,1,3.1931
215,121,6,4.0,2,2.973
215,124,1,5.0,1,2.8466
215,125,3,5.0,1,3.1931
215,128,1,5.0,1,2.8466
215,137,4,4.5,2,3.0547
216,84,7,4.5,4,3.2897
216,88,6,4.25,4,3.098
216,91,7,4.333333333333333,3,3.2064
216,93,6,4.333333333333333,3,3.1396
216,94,5,4.5,2,3.1459
216,97,1,4.0,1,2.3466
217,112,22,4.2,10,3.6677
217,117,15,4.25,8,3.5113
217,118,20,4.6,10,3.8223
217,120,10,3.875,8,3.1364
218,86,8,3.75,4,2.9736
218,90,8,4.25,4,3.2236
218,92,4,5.0,2,3.3047
219,65,12,4.2,5,3.3825
219,68,8,4.333333333333333,3,3.2653
219,73,16,4.571428571428571,7,3.7023
219,77,16,4.75,8,3.7916
219,79,5,4.5,2,3.1459
219,80,9,4.25,4,3.2763
220,4,1,4.0,1,2.3466
220,10,3,4.0,2,2.6931
220,12,1,4.0,1,2.3466
220,13,1,5.0,1,2.8466
220,14,2,4.0,1,2.5493
220,15,3,4.0,2,2.6931
220,20,2,3.5,2,2.2993
220,106,4,5.0,2,3.3047
220,107,4,4.5,2,3.0547
220,108,1,4.0,1,2.3466
220,110,5,5.0,2,3.3959
220,116,4,4.5,2,3.0547
221,1,3,5.0,1,3.1931
221,7,2,4.5,2,2.7993
221,9,2,4.5,2,2.7993
221,16,1,4.0,1,2.3466
221,19,1,5.0,1,2.8466
221,117,2,3.0,1,2.0493
221,121,1,5.0,1,2.8466
221,123,4,4.5,2,3.0547
221,124,1,4.0,1,2.3466
221,127,4,4.5,2,3.0547
221,128,4,3.5,2,2.5547
221,135,3,5.0,1,3.1931
221,138,3,5.0,1,3.1931
222,44,5,5.0,3,3.3959
222,46,5,4.0,2,2.8959
222,51,3,5.0,2,3.1931
222,56,3,4.5,2,2.9431
222,86,8,4.0,4,3.0986
222,90,6,4.25,4,3.098
222,92,3,3.5,2,2.4431
223,23,2,5.0,1,3.0493
223,24,2,5.0,1,3.0493
223,28,3,5.0,1,3.1931
223,31,4,3.5,2,2.5547
223,36,2,5.0,1,3.0493
223,101,3,5.0,1,3.1931
223,102,1,5.0,1,2.8466
223,115,3,5.0,1,3.1931
224,2,1,5.0,1,2.8466
224,5,2,5.0,1,3.0493
224,6,5,3.6666666666666665,3,2.7292
224,18,2,3.0,1,2.0493
224,23,3,5.0,2,3.1931
224,24,2,4.5,2,2.7993
224,28,2,5.0,1,3.0493
224,29,5,3.5,2,2.6459
224,31,6,4.333333333333333,3,3.1396
224,36,3,4.0,2,2.6931
225,65,2,3.0,1,2.0493
225,68,3,4.0,1,2.6931
225,77,4,5.0,2,3.3047
225,79,4,4.0,2,2.8047
225,84,3,4.0,2,2.6931
225,88,2,3.5,2,2.2993
225,91,4,4.0,2,2.8047
225,97,3,4.0,1,2.6931
225,100,1,5.0,1,2.8466
225,130,3,4.0,1,2.6931
225,133,1,5.0,1,2.8466
225,139,1,3.0,1,1.8466
225,140,4,3.5,2,2.5547
226,1,2,5.0,1,3.0493
226,3,3,3.0,1,2.1931
226,16,9,4.333333333333333,3,3.318
226,17,4,4.0,2,2.8047
226,121,3,4.0,1,2.6931
226,122,2,5.0,1,3.0493
226,123,9,5.0,3,3.6513
226,127,1,4.0,1,2.3466
226,128,1,5.0,1,2.8466
227,69,2,5.0,1,3.0493
227,74,3,5.0,1,3.1931
227,76,5,3.0,2,2.3959
227,121,2,5.0,1,3.0493
227,122,1,4.0,1,2.3466
227,123,2,4.0,1,2.5493
227,125,6,3.3333333333333335,3,2.6396
227,127,2,4.0,2,2.5493
227,128,1,4.0,1,2.3466
227,135,1,4.0,1,2.3466
227,137,2,5.0,1,3.0493
228,62,10,4.5,4,3.4489
228,66,8,4.25,4,3.2236
228,69,12,4.6,5,3.5825
228,70,11,4.5,6,3.4925
228,74,7,4.0,4,3.0397
228,75,8,4.2,5,3.1986
228,76,6,4.25,4,3.098
229,7,3,4.0,1,2.6931
229,9,1,5.0,1,2.8466
229,11,3,5.0,1,3.1931
229,17,5,5.0,2,3.3959
229,19,1,4.0,1,2.3466
229,122,5,5.0,2,3.3959
229,123,2,4.0,1,2.5493
229,125,3,5.0,1,3.1931
229,135,4,4.0,2,2.8047
229,137,1,4.0,1,2.3466
229,138,3,5.0,1,3.1931
230,26,3,4.0,2,2.6931
230,34,5,4.0,3,2.8959
230,37,3,5.0,1,3.1931
230,38,1,5.0,1,2.8466
230,84,3,5.0,1,3.1931
230,93,4,4.666666666666667,3,3.1381
230,126,3,4.0,1,2.6931
230,130,9,4.0,3,3.1513
230,131,1,5.0,1,2.8466
230,132,1,3.0,1,1.8466
230,140,3,4.0,2,2.6931
231,42,3,5.0,1,3.1931
231,43,1,5.0,1,2.8466
231,53,7,4.666666666666667,3,3.3731
231,59,5,5.0,2,3.3959
231,104,4,5.0,2,3.3047
231,106,6,4.0,2,2.973
231,110,5,4.0,2,2.8959
231,114,3,5.0,2,3.1931
231,116,1,3.0,1,1.8466
232,104,5,4.5,4,3.1459
232,106,8,4.75,4,3.4736
232,107,3,3.0,1,2.1931
232,108,6,4.0,4,2.973
232,110,12,4.4,5,3.4825
232,114,5,4.333333333333333,3,3.0625
232,116,4,3.0,2,2.3047
233,53,1,5.0,1,2.8466
233,84,6,5.0,2,3.473
233,94,3,5.0,1,3.1931
233,126,3,4.0,1,2.6931
233,131,1,5.0,1,2.8466
233,132,3,5.0,1,3.1931
233,139,5,3.5,2,2.6459
233,140,1,5.0,1,2.8466
234,46,6,4.333333333333333,3,3.1396
234,51,3,3.0,1,2.1931
234,62,1,5.0,1,2.8466
234,69,1,4.0,1,2.3466
234,70,1,5.0,1,2.8466
234,74,4,4.5,2,3.0547
234,75,7,4.666666666666667,3,3.3731
234,112,3,3.0,1,2.1931
235,6,3,4.5,2,2.9431
235,64,3,4.5,2,2.9431
235,71,2,4.0,1,2.5493
235,78,2,3.0,1,2.0493
235,101,5,4.0,2,2.8959
235,102,2,4.0,2,2.5493
235,103,2,4.5,2,2.7993
235,109,3,4.0,1,2.6931
235,111,2,4.0,1,2.5493
235,119,2,3.0,1,2.0493
236,56,1,5.0,1,2.8466
236,69,2,5.0,1,3.0493
237,42,3,4.0,1,2.6931
237,43,3,5.0,1,3.1931
237,45,1,5.0,1,2.8466
237,57,4,4.5,2,3.0547
237,59,1,4.0,1,2.3466
237,68,2,4.0,1,2.5493
237,73,5,4.333333333333333,3,3.0625
237,77,2,5.0,1,3.0493
237,79,4,5.0,2,3.3047
237,80,3,4.5,2,2.9431
237,104,3,5.0,2,3.1931
237,106,2,5.0,1,3.0493
237,110,1,4.0,1,2.3466
237,116,3,3.0,1,2.1931
238,44,2,5.0,1,3.0493
238,51,3,5.0,1,3.1931
238,56,3,5.0,1,3.1931
238,66,1,5.0,1,2.8466
238,121,1,4.0,1,2.3466
238,123,1,5.0,1,2.8466
238,127,3,4.0,1,2.6931
238,135,1,4.0,1,2.3466
238,137,1,3.0,1,1.8466
238,138,2,5.0,1,3.0493
239,101,5,4.0,3,2.8959
239,102,7,4.666666666666667,3,3.3731
239,103,3,4.0,2,2.6931
239,109,3,4.0,1,2.6931
239,111,2,3.0,1,2.0493
239,113,5,4.666666666666667,3,3.2292
239,115,6,5.0,2,3.473
239,119,2,4.0,2,2.5493
240,1,1,3.0,1,1.8466
240,3,7,4.333333333333333,3,3.2064
240,7,5,4.5,2,3.1459
240,16,3,5.0,1,3.1931
240,17,3,5.0,1,3.1931
240,19,3,3.0,1,2.1931
240,46,5,4.666666666666667,3,3.2292
240,56,4,5.0,2,3.3047
240,117,3,5.0,1,3.1931
240,118,6,4.0,2,2.973
241,61,2,4.0,1,2.5493
241,63,6,5.0,2,3.473
241,64,2,4.0,1,2.5493
241,67,5,4.5,2,3.1459
241,71,6,4.5,2,3.223
241,72,2,5.0,1,3.0493
241,78,4,4.5,2,3.0547
241,101,2,4.0,1,2.5493
241,102,5,4.333333333333333,3,3.0625
241,103,5,4.0,2,2.8959
241,105,2,4.0,1,2.5493
241,109,1,3.0,1,1.8466
241,111,3,3.0,1,2.1931
241,115,6,4.0,3,2.973
241,119,8,4.25,4,3.2236
242,21,3,5.0,1,3.1931
242,26,1,5.0,1,2.8466
242,30,1,3.0,1,1.8466
242,33,4,4.5,2,3.0547
242,34,1,5.0,1,2.8466
242,37,3,4.0,1,2.6931
242,38,4,4.0,2,2.8047
242,104,3,4.0,2,2.6931
242,106,3,3.0,1,2.1931
242,107,2,5.0,1,3.0493
242,110,4,4.0,2,2.8047
242,114,2,4.0,1,2.5493
243,1,2,4.0,1,2.5493
243,3,3,4.5,2,2.9431
243,9,3,5.0,1,3.1931
243,16,2,5.0,1,3.0493
243,19,8,4.0,3,3.0986
243,112,1,4.0,1,2.3466
243,117,1,5.0,1,2.8466
243,118,4,4.0,2,2.8047
244,112,4,4.5,2,3.0547
244,117,5,5.0,2,3.3959
244,118,4,4.0,2,2.8047
244,120,3,4.333333333333333,3,2.8598
245,2,8,4.25,4,3.2236
245,5,3,5.0,1,3.1931
245,23,1,5.0,1,2.8466
245,24,4,4.0,2,2.8047
245,28,5,5.0,2,3.3959
245,29,5,3.6666666666666665,3,2.7292
245,31,1,5.0,1,2.8466
245,36,6,4.0,2,2.973
245,129,3,4.0,1,2.6931
245,134,2,5.0,1,3.0493
246,88,1,5.0,1,2.8466
246,91,4,4.5,2,3.0547
246,94,2,4.0,2,2.5493
246,97,3,3.0,1,2.1931
246,131,4,5.0,2,3.3047
246,133,2,5.0,1,3.0493
246,140,3,4.0,1,2.6931
247,8,2,5.0,1,3.0493
247,10,3,4.0,1,2.6931
247,12,3,5.0,1,3.1931
247,20,2,5.0,1,3.0493
247,42,3,5.0,1,3.1931
247,43,3,5.0,1,3.1931
247,59,2,4.0,1,2.5493
247,133,1,3.0,1,1.8466
247,140,7,4.666666666666667,3,3.3731
248,81,5,4.5,2,3.1459
248,82,1,3.0,1,1.8466
248,83,8,4.333333333333333,3,3.2653
248,85,5,5.0,4,3.3959
248,87,2,5.0,1,3.0493
248,95,1,4.0,1,2.3466
248,96,3,5.0,1,3.1931
248,98,3,5.0,1,3.1931
248,99,3,4.0,1,2.6931
248,129,5,3.6666666666666665,3,2.7292
248,134,5,5.0,2,3.3959
248,136,7,4.0,3,3.0397
249,65,2,5.0,1,3.0493
249,73,2,5.0,2,3.0493
249,77,2,5.0,1,3.0493
250,23,3,4.0,1,2.6931
250,83,3,4.0,1,2.6931
250,95,3,5.0,1,3.1931
250,99,1,5.0,1,2.8466
250,102,3,4.0,1,2.6931
250,111,1,3.0,1,1.8466
251,81,2,4.0,1,2.5493
251,82,5,3.6666666666666665,3,2.7292
251,85,4,4.0,3,2.8047
251,87,5,5.0,2,3.3959
251,89,2,3.0,1,2.0493
251,95,4,5.0,2,3.3047
251,98,4,4.333333333333333,3,2.9714
251,99,2,4.0,1,2.5493
252,21,4,4.5,2,3.0547
252,26,3,5.0,1,3.1931
252,34,8,4.5,4,3.3486
252,37,1,3.0,1,1.8466
252,38,3,5.0,2,3.1931
252,104,3,4.0,2,2.6931
252,106,3,5.0,1,3.1931
252,107,6,4.333333333333333,3,3.1396
252,108,3,4.0,2,2.6931
252,114,4,4.5,2,3.0547
252,116,4,5.0,2,3.3047
253,22,7,4.75,4,3.4147
253,25,4,4.5,2,3.0547
253,27,5,4.333333333333333,3,3.0625
253,32,1,5.0,1,2.8466
253,35,7,4.666666666666667,3,3.3731
253,39,5,5.0,2,3.3959
253,40,6,4.666666666666667,3,3.3063
253,112,4,5.0,2,3.3047
253,117,2,4.0,1,2.5493
253,118,6,3.3333333333333335,3,2.6396
253,120,3,3.0,1,2.1931
254,81,5,5.0,3,3.3959
254,82,5,4.0,2,2.8959
254,83,4,5.0,2,3.3047
254,87,7,4.0,3,3.0397
254,89,5,4.5,2,3.1459
254,95,3,3.5,2,2.4431
254,96,3,3.0,1,2.1931
254,99,3,3.5,2,2.4431
254,129,4,4.5,2,3.0547
254,134,4,4.5,2,3.0547
254,136,3,3.0,1,2.1931
255,22,3,4.0,1,2.6931
255,25,3,4.0,1,2.6931
255,27,1,4.0,1,2.3466
255,32,3,5.0,1,3.1931
255,35,2,5.0,1,3.0493
255,86,3,4.0,1,2.6931
255,90,1,5.0,1,2.8466
255,121,6,4.0,2,2.973
255,122,2,5.0,1,3.0493
255,123,4,5.0,2,3.3047
255,124,1,4.0,1,2.3466
255,125,3,3.0,1,2.1931
255,128,2,5.0,1,3.0493
255,135,2,4.0,1,2.5493
256,129,9,3.8,5,3.0513
256,134,6,4.0,4,2.973
256,136,11,4.25,4,3.3675
257,22,3,4.0,1,2.6931
257,35,1,5.0,1,2.8466
257,39,3,5.0,1,3.1931
257,40,3,5.0,1,3.1931
257,56,2,3.0,1,2.0493
257,112,1,5.0,1,2.8466
257,117,1,5.0,1,2.8466
258,62,4,3.5,2,2.5547
258,66,5,4.0,2,2.8959
258,69,3,4.0,1,2.6931
258,70,9,5.0,4,3.6513
258,74,5,5.0,2,3.3959
258,75,5,4.5,2,3.1459
258,76,8,4.0,3,3.0986
259,22,2,5.0,1,3.0493
259,25,3,3.0,1,2.1931
259,27,3,5.0,1,3.1931
259,32,2,5.0,1,3.0493
259,40,4,5.0,2,3.3047
259,62,3,3.0,1,2.1931
259,75,3,3.5,2,2.4431
259,76,5,4.666666666666667,3,3.2292
260,102,2,3.0,1,2.0493
260,103,1,5.0,1,2.8466
260,109,2,5.0,1,3.0493
260,119,2,4.5,2,2.7993
261,21,3,4.0,1,2.6931
261,30,3,5.0,1,3.1931
261,33,1,5.0,1,2.8466
261,34,2,3.0,1,2.0493
261,38,1,4.0,1,2.3466
261,65,4,5.0,2,3.3047
261,77,1,4.0,1,2.3466
261,80,2,5.0,1,3.0493
262,132,3,5.0,1,3.1931
262,133,3,4.0,1,2.6931
263,10,1,5.0,1,2.8466
263,13,2,5.0,1,3.0493
263,26,2,5.0,1,3.0493
263,38,4,4.0,2,2.8047
263,53,4,4.333333333333333,3,2.9714
264,23,4,3.5,2,2.5547
264,28,1,5.0,1,2.8466
264,29,1,4.0,1,2.3466
265,21,3,5.0,1,3.1931
265,30,2,5.0,1,3.0493
265,38,1,3.0,1,1.8466
265,65,2,3.0,1,2.0493
265,68,1,5.0,1,2.8466
265,104,2,4.0,1,2.5493
265,107,3,3.0,1,2.1931
265,114,3,3.0,1,2.1931
266,62,1,4.0,1,2.3466
266,66,3,5.0,1,3.1931
266,69,1,3.0,1,1.8466
266,70,3,3.0,1,2.1931
266,74,1,3.0,1,1.8466
266,75,4,3.5,2,2.5547
267,12,1,5.0,1,2.8466
267,20,8,4.666666666666667,3,3.4319
267,126,2,3.0,1,2.0493
267,130,6,4.5,2,3.223
267,131,2,5.0,1,3.0493
267,139,3,5.0,1,3.1931
267,140,2,3.0,1,2.0493
268,84,2,4.0,1,2.5493
268,88,4,4.0,3,2.8047
268,91,4,4.5,2,3.0547
268,93,5,4.0,2,2.8959
268,94,2,4.0,1,2.5493
268,97,7,5.0,3,3.5397
269,86,2,4.0,1,2.5493
269,90,5,4.333333333333333,3,3.0625
269,92,5,3.5,2,2.6459
269,112,4,4.333333333333333,3,2.9714
269,117,3,4.5,2,2.9431
269,118,1,5.0,1,2.8466
269,120,2,5.0,1,3.0493
270,129,10,4.0,5,3.1989
270,134,14,4.0,9,3.354
270,136,10,4.166666666666667,6,3.2823
271,41,2,5.0,1,3.0493
271,50,2,5.0,1,3.0493
271,52,3,5.0,1,3.1931
271,54,4,4.0,2,2.8047
271,58,3,4.0,1,2.6931
271,61,1,4.0,1,2.3466
271,63,3,3.0,1,2.1931
271,64,1,4.0,1,2.3466
271,129,5,4.0,2,2.8959
271,136,4,5.0,2,3.3047
272,21,1,5.0,1,2.8466
272,30,1,5.0,1,2.8466
272,37,1,5.0,1,2.8466
272,57,3,5.0,1,3.1931
272,59,1,5.0,1,2.8466
272,84,3,5.0,1,3.1931
272,88,3,5.0,1,3.1931
273,84,5,4.0,2,2.8959
273,88,2,5.0,1,3.0493
273,93,3,3.0,1,2.1931
273,97,2,4.0,1,2.5493
273,126,5,5.0,2,3.3959
273,130,2,4.5,2,2.7993
273,131,1,5.0,1,2.8466
273,132,2,3.0,1,2.0493
273,139,2,4.5,2,2.7993
273,140,8,4.25,4,3.2236
274,4,5,4.25,4,3.0209
274,8,4,4.5,2,3.0547
274,10,1,5.0,1,2.8466
274,12,5,4.0,2,2.8959
274,14,4,4.5,2,3.0547
274,15,3,4.0,2,2.6931
274,20,6,4.0,2,2.973
275,23,2,5.0,1,3.0493
275,24,3,4.0,1,2.6931
275,28,3,3.0,1,2.1931
275,29,4,5.0,2,3.3047
275,31,6,5.0,3,3.473
275,36,2,4.0,1,2.5493
275,129,5,5.0,2,3.3959
275,136,1,5.0,1,2.8466
276,5,3,4.5,2,2.9431
276,6,1,4.0,1,2.3466
276,18,1,5.0,1,2.8466
276,102,4,3.5,2,2.5547
276,103,2,5.0,1,3.0493
276,105,3,5.0,1,3.1931
276,111,3,4.0,1,2.6931
276,115,3,5.0,1,3.1931
277,22,4,5.0,2,3.3047
277,25,3,4.333333333333333,3,2.8598
277,27,2,4.0,1,2.5493
277,32,7,4.333333333333333,3,3.2064
277,35,3,5.0,1,3.1931
277,39,5,4.0,3,2.8959
277,86,3,4.5,2,2.9431
277,90,1,3.0,1,1.8466
277,92,8,4.333333333333333,3,3.2653
278,22,1,4.0,1,2.3466
278,27,1,4.0,1,2.3466
278,32,4,3.5,2,2.5547
278,62,2,4.0,1,2.5493
278,70,1,5.0,1,2.8466
278,75,4,4.5,2,3.0547
279,84,4,4.0,2,2.8047
279,91,2,3.5,2,2.2993
279,93,2,4.0,1,2.5493
279,94,5,4.0,2,2.8959
279,97,6,4.0,2,2.973
279,100,1,5.0,1,2.8466
279,104,2,4.0,1,2.5493
279,106,5,4.5,2,3.1459
279,108,3,3.0,1,2.1931
279,110,5,5.0,2,3.3959
279,114,3,3.0,1,2.1931
279,116,2,5.0,1,3.0493
279,126,4,5.0,2,3.3047
279,130,1,5.0,1,2.8466
279,131,3,3.5,2,2.4431
279,132,2,5.0,1,3.0493
279,133,2,4.0,1,2.5493
279,140,1,5.0,1,2.8466
280,42,2,3.0,1,2.0493
280,43,3,5.0,2,3.1931
280,45,3,5.0,1,3.1931
280,53,6,4.666666666666667,3,3.3063
280,59,4,5.0,2,3.3047
281,118,4,4.5,2,3.0547
281,120,3,5.0,2,3.1931
281,122,1,5.0,1,2.8466
281,123,3,5.0,2,3.1931
281,124,4,5.0,2,3.3047
281,125,3,5.0,1,3.1931
281,135,5,3.5,2,2.6459
282,44,8,4.25,4,3.2236
282,51,9,3.75,4,3.0263
282,56,8,4.75,4,3.4736
282,112,6,5.0,5,3.473
282,117,4,4.0,2,2.8047
282,118,5,4.5,2,3.1459
282,120,1,5.0,1,2.8466
283,22,2,4.0,1,2.5493
283,25,5,4.5,2,3.1459
283,27,2,4.0,1,2.5493
283,35,3,4.0,2,2.6931
283,40,1,4.0,1,2.3466
283,62,1,3.0,1,1.8466
283,66,7,4.75,4,3.4147
283,69,5,5.0,2,3.3959
283,70,7,4.333333333333333,3,3.2064
283,75,2,5.0,1,3.0493
283,86,1,3.0,1,1.8466
283,90,3,4.0,2,2.6931
283,92,1,3.0,1,1.8466
284,1,4,4.5,2,3.0547
284,3,1,3.0,1,1.8466
284,7,3,5.0,2,3.1931
284,9,1,4.0,1,2.3466
284,11,3,3.0,1,2.1931
284,17,1,4.0,1,2.3466
284,19,6,4.666666666666667,3,3.3063
284,22,5,3.6666666666666665,3,2.7292
284,25,3,5.0,1,3.1931
284,27,5,5.0,2,3.3959
284,32,3,4.0,2,2.6931
284,35,2,5.0,2,3.0493
284,39,5,4.0,3,2.8959
284,40,2,4.0,1,2.5493
284,86,5,3.0,2,2.3959
284,90,8,4.333333333333333,3,3.2653
284,92,7,5.0,3,3.5397
285,48,2,5.0,1,3.0493
285,49,3,3.0,2,2.1931
285,58,2,3.0,1,2.0493
285,63,2,5.0,1,3.0493
285,67,3,5.0,1,3.1931
285,78,4,4.0,2,2.8047
286,66,3,5.0,1,3.1931
286,69,1,5.0,1,2.8466
286,70,1,4.0,1,2.3466
286,74,1,4.0,1,2.3466
286,75,2,5.0,1,3.0493
286,76,2,5.0,1,3.0493
286,86,3,3.0,1,2.1931
286,90,2,5.0,1,3.0493
286,125,3,5.0,1,3.1931
286,127,3,5.0,1,3.1931
286,137,3,3.0,1,2.1931
287,84,4,5.0,2,3.3047
287,91,10,4.75,4,3.5739
287,94,2,5.0,1,3.0493
287,97,5,4.5,2,3.1459
287,100,5,4.0,2,2.8959
288,21,2,4.0,1,2.5493
288,26,5,5.0,3,3.3959
288,33,3,3.0,1,2.1931
288,34,2,5.0,1,3.0493
288,37,5,4.0,2,2.8959
288,38,2,5.0,1,3.0493
288,42,2,4.0,1,2.5493
288,43,4,5.0,2,3.3047
288,45,2,5.0,1,3.0493
288,53,3,5.0,1,3.1931
288,57,1,4.0,1,2.3466
289,117,3,4.0,1,2.6931
289,120,4,4.5,2,3.0547
289,123,3,5.0,1,3.1931
289,138,2,5.0,1,3.0493
290,33,3,4.0,1,2.6931
290,34,1,3.0,1,1.8466
290,37,3,5.0,1,3.1931
290,38,2,4.0,2,2.5493
290,130,2,5.0,1,3.0493
290,131,1,5.0,1,2.8466
290,132,4,3.5,2,2.5547
290,140,2,5.0,2,3.0493
291,44,6,4.5,2,3.223
291,46,1,5.0,1,2.8466
291,51,1,4.0,1,2.3466
291,56,2,4.0,1,2.5493
291,121,1,5.0,1,2.8466
291,122,4,4.0,2,2.8047
291,123,6,5.0,2,3.473
291,127,4,3.5,2,2.5547
291,128,3,4.5,2,2.9431
291,135,1,3.0,1,1.8466
291,138,5,4.0,2,2.8959
292,44,3,4.5,2,2.9431
292,46,3,3.0,1,2.1931
292,51,1,3.0,1,1.8466
292,56,5,5.0,2,3.3959
292,92,3,5.0,1,3.1931
293,68,3,4.5,2,2.9431
293,79,4,5.0,2,3.3047
293,80,3,4.5,2,2.9431
293,91,3,5.0,1,3.1931
293,94,3,4.0,2,2.6931
293,106,1,3.0,1,1.8466
293,107,5,5.0,2,3.3959
293,114,3,5.0,2,3.1931
293,116,2,3.0,1,2.0493
294,44,6,4.5,4,3.223
294,46,4,4.5,4,3.0547
294,51,9,4.5,4,3.4013
294,56,9,4.0,3,3.1513
295,49,3,5.0,1,3.1931
295,52,2,4.0,1,2.5493
295,61,1,4.0,1,2.3466
295,63,2,4.0,1,2.5493
295,67,3,5.0,1,3.1931
295,78,2,5.0,1,3.0493
295,105,1,3.0,1,1.8466
295,113,4,4.0,2,2.8047
296,23,2,5.0,1,3.0493
296,28,1,5.0,1,2.8466
296,49,1,4.0,1,2.3466
296,58,3,3.0,1,2.1931
296,101,1,3.0,1,1.8466
296,102,2,4.0,1,2.5493
296,105,1,5.0,1,2.8466
296,109,2,5.0,1,3.0493
296,111,3,3.0,1,2.1931
296,115,3,5.0,1,3.1931
297,3,2,4.0,1,2.5493
297,7,3,3.0,1,2.1931
297,11,1,5.0,1,2.8466
297,16,1,5.0,1,2.8466
298,2,10,4.0,5,3.1989
298,5,5,3.6666666666666665,3,2.7292
298,6,5,5.0,3,3.3959
298,18,14,3.8333333333333335,6,3.2707
299,101,6,4.5,2,3.223
299,102,6,4.5,2,3.223
299,103,5,4.666666666666667,3,3.2292
299,105,3,4.0,2,2.6931
299,109,2,3.0,1,2.0493
299,111,3,3.0,1,2.1931
299,113,4,4.0,3,2.8047
299,115,4,3.5,2,2.5547
299,119,4,4.5,2,3.0547
300,68,3,4.0,1,2.6931
300,80,2,5.0,1,3.0493
300,106,2,4.5,2,2.7993
300,108,3,5.0,1,3.1931
300,116,1,4.0,1,2.3466
301,47,3,5.0,1,3.1931
301,48,2,4.0,1,2.5493
301,50,6,4.0,3,2.973
301,52,1,4.0,1,2.3466
301,55,4,4.5,2,3.0547
301,58,2,4.5,2,2.7993
301,102,6,5.0,2,3.473
301,103,3,4.0,1,2.6931
301,105,3,4.0,1,2.6931
301,109,1,5.0,1,2.8466
301,111,5,4.0,3,2.8959
301,119,3,5.0,1,3.1931
302,18,5,4.0,2,2.8959
302,109,2,4.0,1,2.5493
302,119,1,3.0,1,1.8466
302,129,1,3.0,1,1.8466
303,61,1,4.0,1,2.3466
303,63,6,5.0,2,3.473
303,64,1,5.0,1,2.8466
303,67,6,4.333333333333333,3,3.1396
303,71,3,3.0,1,2.1931
303,72,3,5.0,1,3.1931
303,78,3,5.0,1,3.1931
303,129,3,4.0,1,2.6931
303,134,3,4.0,2,2.6931
303,136,6,4.0,3,2.973
304,81,5,4.0,2,2.8959
304,87,3,4.5,2,2.9431
304,89,1,5.0,1,2.8466
304,95,1,3.0,1,1.8466
304,136,1,5.0,1,2.8466
305,61,1,5.0,1,2.8466
305,64,1,5.0,1,2.8466
305,67,6,4.333333333333333,3,3.1396
305,71,1,3.0,1,1.8466
305,82,1,3.0,1,1.8466
305,95,1,3.0,1,1.8466
305,98,3,5.0,1,3.1931
305,99,1,5.0,1,2.8466
305,134,1,4.0,1,2.3466
305,136,2,3.0,1,2.0493
306,129,17,4.142857142857143,7,3.5166
306,134,16,4.125,8,3.4791
306,136,12,3.8333333333333335,6,3.1991
307,23,1,4.0,1,2.3466
307,28,1,4.0,1,2.3466
307,29,2,5.0,1,3.0493
307,31,4,4.5,2,3.0547
307,36,3,5.0,1,3.1931
307,47,4,4.5,2,3.0547
307,48,6,5.0,2,3.473
307,49,1,4.0,1,2.3466
307,50,3,5.0,1,3.1931
307,52,3,3.5,2,2.4431
307,54,3,4.5,2,2.9431
307,55,1,3.0,1,1.8466
307,60,3,5.0,1,3.1931
307,101,3,3.0,1,2.1931
307,102,2,4.0,1,2.5493
307,103,4,4.0,2,2.8047
307,109,4,3.5,2,2.5547
307,111,3,5.0,1,3.1931
307,115,3,5.0,1,3.1931
308,22,3,4.0,1,2.6931
308,40,3,4.0,1,2.6931
308,117,4,4.0,2,2.8047
308,120,2,4.0,1,2.5493
308,121,3,3.0,1,2.1931
308,122,2,5.0,1,3.0493
308,123,5,4.5,2,3.1459
308,124,3,4.5,2,2.9431
308,125,3,4.5,2,2.9431
308,137,2,4.0,1,2.5493
308,138,1,5.0,1,2.8466
309,3,2,4.0,1,2.5493
309,11,3,5.0,1,3.1931
309,16,1,5.0,1,2.8466
309,44,3,5.0,1,3.1931
309,46,3,4.0,1,2.6931
309,51,3,5.0,1,3.1931
309,62,6,4.5,2,3.223
309,70,3,5.0,1,3.1931
309,74,3,5.0,1,3.1931
310,28,3,4.0,2,2.6931
310,41,2,5.0,1,3.0493
310,49,1,3.0,1,1.8466
310,50,5,4.0,2,2.8959
310,55,1,5.0,1,2.8466
310,58,3,4.0,1,2.6931
310,60,1,4.0,1,2.3466
311,42,2,5.0,1,3.0493
311,43,2,5.0,1,3.0493
311,45,2,5.0,1,3.0493
311,59,3,4.0,1,2.6931
311,126,1,5.0,1,2.8466
311,130,2,4.0,1,2.5493
311,131,3,5.0,1,3.1931
311,132,1,5.0,1,2.8466
311,139,3,5.0,2,3.1931
311,140,4,4.5,2,3.0547
312,44,8,4.5,4,3.3486
312,46,6,4.666666666666667,3,3.3063
312,51,3,4.0,3,2.6931
312,56,4,4.5,2,3.0547
313,18,2,5.0,1,3.0493
313,47,1,5.0,1,2.8466
313,48,3,5.0,1,3.1931
313,50,1,3.0,1,1.8466
313,54,1,3.0,1,1.8466
313,55,2,3.0,1,2.0493
313,60,3,4.5,2,2.9431
313,61,4,4.5,2,3.0547
313,64,4,3.3333333333333335,3,2.4714
313,67,2,4.0,1,2.5493
313,78,6,4.333333333333333,3,3.1396
314,1,6,4.0,3,2.973
314,3,2,3.0,1,2.0493
314,7,2,5.0,1,3.0493
314,11,1,5.0,1,2.8466
314,16,2,5.0,1,3.0493
314,17,3,5.0,1,3.1931
314,19,4,5.0,2,3.3047
314,112,5,3.5,2,2.6459
314,117,2,5.0,1,3.0493
314,118,1,4.0,1,2.3466
314,120,1,3.0,1,1.8466
315,23,6,4.5,2,3.223
315,24,3,4.5,2,2.9431
315,28,1,3.0,1,1.8466
315,29,5,4.5,2,3.1459
315,31,3,5.0,1,3.1931
315,36,4,5.0,2,3.3047
316,44,4,4.5,2,3.0547
316,46,4,4.666666666666667,3,3.1381
316,51,6,3.75,4,2.848
316,56,7,3.75,4,2.9147
316,62,2,5.0,1,3.0493
316,69,4,4.5,2,3.0547
316,70,2,3.0,1,2.0493
316,74,3,4.0,2,2.6931
316,75,1,3.0,1,1.8466
316,76,5,4.0,2,2.8959
316,86,7,4.0,3,3.0397
316,90,7,4.5,4,3.2897
316,92,6,4.5,2,3.223
317,22,3,5.0,1,3.1931
317,25,1,5.0,1,2.8466
317,27,6,4.5,2,3.223
317,32,4,4.5,2,3.0547
317,39,1,5.0,1,2.8466
317,40,1,5.0,1,2.8466
317,117,5,4.0,2,2.8959
317,118,3,4.0,1,2.6931
317,120,3,5.0,1,3.1931
317,121,1,5.0,1,2.8466
318,88,1,3.0,1,1.8466
318,93,6,3.0,2,2.473
318,94,2,4.0,1,2.5493
318,100,2,4.0,1,2.5493
318,104,3,3.0,1,2.1931
318,106,3,4.0,1,2.6931
318,108,3,4.5,2,2.9431
318,110,2,5.0,1,3.0493
318,116,2,4.0,1,2.5493
319,121,1,4.0,1,2.3466
319,122,1,4.0,1,2.3466
319,128,1,4.0,1,2.3466
319,135,3,4.5,2,2.9431
319,138,2,5.0,1,3.0493
320,51,1,5.0,1,2.8466
320,122,1,3.0,1,1.8466
320,125,1,5.0,1,2.8466
320,127,4,4.5,2,3.0547
320,135,1,4.0,1,2.3466
320,137,1,5.0,1,2.8466
321,112,3,4.0,1,2.6931
321,117,2,5.0,1,3.0493
321,118,3,5.0,1,3.1931
322,4,3,5.0,1,3.1931
322,13,1,3.0,1,1.8466
322,14,5,5.0,2,3.3959
322,15,5,5.0,2,3.3959
322,20,3,4.0,1,2.6931
322,126,6,4.0,2,2.973
322,130,2,4.5,2,2.7993
322,131,2,4.5,2,2.7993
322,132,1,4.0,1,2.3466
322,133,3,4.5,2,2.9431
322,139,4,5.0,2,3.3047
323,1,1,4.0,1,2.3466
323,3,2,5.0,2,3.0493
323,7,2,5.0,1,3.0493
323,9,5,4.666666666666667,3,3.2292
323,16,3,5.0,2,3.1931
323,17,7,5.0,3,3.5397
323,19,6,5.0,3,3.473
323,90,1,4.0,1,2.3466
324,3,4,5.0,2,3.3047
324,19,3,4.0,1,2.6931
324,44,2,4.0,1,2.5493
324,46,6,4.5,2,3.223
324,51,5,3.5,2,2.6459
324,56,3,5.0,1,3.1931
325,65,7,4.666666666666667,3,3.3731
325,68,3,4.0,2,2.6931
325,73,2,5.0,1,3.0493
325,77,1,3.0,1,1.8466
325,79,9,4.666666666666667,3,3.4846
325,80,5,3.5,2,2.6459
326,61,3,4.5,2,2.9431
326,63,6,5.0,2,3.473
326,64,9,4.25,4,3.2763
326,67,13,4.8,5,3.7195
326,71,8,4.5,4,3.3486
326,72,7,4.75,4,3.4147
326,78,10,3.4,5,2.8989
327,121,3,5.0,1,3.1931
327,122,3,4.5,2,2.9431
327,123,2,5.0,1,3.0493
327,124,3,4.5,2,2.9431
327,125,3,4.0,1,2.6931
327,127,3,4.0,2,2.6931
327,135,3,3.0,1,2.1931
327,137,2,4.0,1,2.5493
327,138,2,4.0,1,2.5493
328,68,2,5.0,2,3.0493
328,77,3,5.0,2,3.1931
328,79,2,3.0,1,2.0493
328,80,4,5.0,2,3.3047
328,130,1,5.0,1,2.8466
328,131,3,4.0,2,2.6931
328,132,3,4.0,1,2.6931
328,133,6,3.5,2,2.723
328,139,3,5.0,1,3.1931
329,2,5,5.0,2,3.3959
329,5,2,4.0,1,2.5493
329,18,1,4.0,1,2.3466
329,49,2,5.0,1,3.0493
329,50,3,4.0,2,2.6931
329,52,3,5.0,1,3.1931
329,54,3,4.0,1,2.6931
329,58,3,4.0,1,2.6931
329,60,1,5.0,1,2.8466
329,129,2,4.0,1,2.5493
329,134,5,3.6666666666666665,3,2.7292
330,101,17,4.5,6,3.6952
330,102,10,4.4,5,3.3989
330,103,5,4.333333333333333,3,3.0625
330,105,1,5.0,1,2.8466
330,109,10,4.0,5,3.1989
330,111,8,4.333333333333333,3,3.2653
330,113,9,4.25,4,3.2763
330,115,3,5.0,1,3.1931
330,119,4,4.666666666666667,3,3.1381
331,120,4,4.0,2,2.8047
331,121,2,5.0,1,3.0493
331,123,3,5.0,1,3.1931
331,124,3,5.0,1,3.1931
331,125,1,5.0,1,2.8466
331,127,4,3.5,2,2.5547
331,128,3,3.0,1,2.1931
331,135,5,5.0,2,3.3959
331,137,3,5.0,1,3.1931
332,21,12,4.0,6,3.2825
332,26,4,4.5,2,3.0547
332,30,14,3.8,5,3.254
332,33,6,4.0,2,2.973
332,34,7,4.0,3,3.0397
332,37,7,4.0,4,3.0397
332,38,5,5.0,2,3.3959
333,101,7,4.666666666666667,3,3.3731
333,102,1,5.0,1,2.8466
333,103,2,5.0,2,3.0493
333,105,3,4.5,2,2.9431
333,109,8,4.666666666666667,3,3.4319
333,111,13,3.5,6,3.0695
333,113,12,4.142857142857143,7,3.3539
333,115,2,4.0,1,2.5493
333,119,4,3.3333333333333335,3,2.4714
334,23,7,3.3333333333333335,3,2.7064
334,24,9,4.333333333333333,6,3.318
334,28,6,5.0,3,3.473
334,29,10,4.5,4,3.4489
334,31,3,4.5,2,2.9431
334,36,4,4.0,3,2.8047
335,62,4,3.5,2,2.5547
335,66,4,4.0,2,2.8047
335,69,5,4.666666666666667,3,3.2292
335,70,4,4.5,2,3.0547
335,74,2,4.5,2,2.7993
335,75,4,4.0,2,2.8047
335,76,7,4.666666666666667,3,3.3731
336,25,2,5.0,2,3.0493
336,27,2,5.0,1,3.0493
336,35,1,3.0,1,1.8466
336,39,5,4.333333333333333,3,3.0625
336,40,3,3.0,1,2.1931
336,66,3,4.5,2,2.9431
336,69,2,4.0,1,2.5493
336,70,2,4.0,2,2.5493
336,74,1,3.0,1,1.8466
336,75,1,5.0,1,2.8466
336,76,4,5.0,2,3.3047
337,21,1,4.0,1,2.3466
337,26,1,5.0,1,2.8466
337,30,3,5.0,1,3.1931
337,37,1,3.0,1,1.8466
337,38,1,3.0,1,1.8466
337,42,2,5.0,2,3.0493
337,45,2,5.0,1,3.0493
337,53,3,4.5,2,2.9431
337,57,2,5.0,1,3.0493
337,84,3,5.0,1,3.1931
337,88,2,5.0,1,3.0493
337,94,2,5.0,1,3.0493
338,23,1,4.0,1,2.3466
338,28,1,4.0,1,2.3466
338,29,1,3.0,1,1.8466
338,31,2,5.0,1,3.0493
338,41,1,5.0,1,2.8466
338,47,1,4.0,1,2.3466
338,48,3,4.5,2,2.9431
338,49,4,5.0,2,3.3047
338,50,3,3.0,1,2.1931
338,52,6,4.0,2,2.973
338,54,5,4.333333333333333,3,3.0625
338,58,2,5.0,1,3.0493
338,60,1,5.0,1,2.8466
339,47,3,5.0,1,3.1931
339,48,2,4.0,1,2.5493
339,49,1,4.0,1,2.3466
339,50,4,4.0,2,2.8047
339,52,5,4.0,3,2.8959
339,54,4,3.5,2,2.5547
339,55,4,3.5,2,2.5547
339,58,2,4.0,1,2.5493
339,60,5,4.333333333333333,3,3.0625
339,129,3,5.0,1,3.1931
339,134,1,4.0,1,2.3466
340,73,6,3.5,2,2.723
340,84,1,4.0,1,2.3466
340,91,5,4.5,2,3.1459
340,93,2,4.0,1,2.5493
340,100,4,5.0,2,3.3047
340,104,2,5.0,1,3.0493
340,106,4,4.0,2,2.8047
340,107,1,5.0,1,2.8466
340,108,2,3.0,1,2.0493
340,110,2,4.0,1,2.5493
341,44,3,4.0,2,2.6931
341,46,3,3.0,1,2.1931
341,56,3,4.0,1,2.6931
341,66,1,5.0,1,2.8466
341,70,4,5.0,2,3.3047
341,74,3,5.0,1,3.1931
341,76,2,5.0,1,3.0493
341,86,3,5.0,1,3.1931
341,90,6,3.5,4,2.723
341,92,2,3.0,1,2.0493
342,22,1,5.0,1,2.8466
342,25,2,4.0,1,2.5493
342,35,2,4.0,1,2.5493
342,62,2,4.0,1,2.5493
342,69,3,3.0,1,2.1931
342,74,1,5.0,1,2.8466
342,75,3,5.0,1,3.1931
343,102,6,4.5,2,3.223
343,103,4,5.0,2,3.3047
343,105,2,4.5,2,2.7993
343,109,1,4.0,1,2.3466
343,111,8,4.666666666666667,3,3.4319
343,113,2,5.0,1,3.0493
343,115,3,4.0,1,2.6931
343,129,3,4.5,2,2.9431
344,62,9,3.3333333333333335,3,2.818
344,66,3,5.0,1,3.1931
344,69,4,4.5,2,3.0547
344,70,8,4.666666666666667,3,3.4319
344,74,2,5.0,1,3.0493
344,75,7,4.0,3,3.0397
344,76,4,4.666666666666667,3,3.1381
344,86,10,4.166666666666667,6,3.2823
344,90,6,3.75,4,2.848
344,92,10,4.25,4,3.3239
345,22,3,4.5,2,2.9431
345,25,5,4.666666666666667,3,3.2292
345,27,5,4.0,3,2.8959
345,32,6,4.25,4,3.098
345,40,7,4.333333333333333,3,3.2064
345,44,5,4.333333333333333,3,3.0625
345,46,7,4.666666666666667,3,3.3731
345,51,5,5.0,2,3.3959
345,56,4,5.0,4,3.3047
346,86,5,4.0,2,2.8959
346,90,4,4.5,2,3.0547
346,92,3,5.0,2,3.1931
347,90,7,4.666666666666667,3,3.3731
347,92,5,5.0,2,3.3959
347,112,5,3.3333333333333335,3,2.5625
347,117,10,4.25,4,3.3239
347,118,3,4.5,2,2.9431
347,120,5,4.0,2,2.8959
348,81,3,3.0,1,2.1931
348,83,2,5.0,1,3.0493
348,95,2,5.0,1,3.0493
348,98,1,3.0,1,1.8466
348,99,4,3.5,2,2.5547
348,109,2,3.0,1,2.0493
348,115,1,4.0,1,2.3466
348,129,3,3.5,2,2.4431
348,136,1,5.0,1,2.8466
349,5,1,5.0,1,2.8466
349,6,3,4.5,2,2.9431
349,18,1,4.0,1,2.3466
349,23,2,5.0,1,3.0493
349,24,4,5.0,2,3.3047
349,28,2,5.0,1,3.0493
349,29,2,5.0,1,3.0493
349,36,3,5.0,1,3.1931
350,26,3,3.0,1,2.1931
350,37,2,4.0,2,2.5493
350,38,1,4.0,1,2.3466
350,94,2,5.0,1,3.0493
350,97,2,5.0,1,3.0493
350,107,2,5.0,1,3.0493
351,62,4,5.0,2,3.3047
351,69,2,4.0,1,2.5493
351,76,3,4.0,1,2.6931
351,123,5,4.333333333333333,3,3.0625
351,124,5,4.5,2,3.1459
351,125,3,4.0,1,2.6931
351,127,1,4.0,1,2.3466
351,128,5,4.0,3,2.8959
351,135,2,5.0,1,3.0493
351,137,3,4.0,1,2.6931
352,42,1,3.0,1,1.8466
352,43,3,5.0,1,3.1931
352,45,7,4.25,4,3.1647
352,57,4,4.5,2,3.0547
352,59,3,3.5,2,2.4431
352,84,5,4.5,2,3.1459
352,91,4,4.0,2,2.8047
352,94,2,5.0,1,3.0493
352,97,2,4.0,1,2.5493
352,100,3,4.666666666666667,3,3.0265
353,26,1,5.0,1,2.8466
353,30,2,5.0,1,3.0493
353,33,1,4.0,1,2.3466
353,57,2,4.0,1,2.5493
353,59,2,3.0,1,2.0493
354,101,2,5.0,1,3.0493
354,102,2,4.5,2,2.7993
354,103,6,3.6666666666666665,3,2.8063
354,105,5,5.0,3,3.3959
354,109,5,4.0,2,2.8959
354,111,4,4.5,2,3.0547
354,113,2,4.0,2,2.5493
354,115,4,3.5,2,2.5547
354,119,3,4.0,2,2.6931
355,65,1,5.0,1,2.8466
355,68,4,5.0,2,3.3047
355,73,1,5.0,1,2.8466
355,91,1,3.0,1,1.8466
355,94,4,5.0,2,3.3047
355,104,3,5.0,1,3.1931
355,106,5,5.0,2,3.3959
355,107,2,5.0,1,3.0493
355,110,2,5.0,1,3.0493
356,62,1,3.0,1,1.8466
356,66,10,4.8,5,3.5989
356,69,13,4.5,6,3.5695
356,70,8,4.333333333333333,3,3.2653
356,74,4,4.5,2,3.0547
356,75,3,3.5,2,2.4431
356,76,14,4.166666666666667,6,3.4374
357,43,5,4.5,2,3.1459
357,45,3,5.0,2,3.1931
357,53,2,5.0,1,3.0493
357,57,7,5.0,3,3.5397
357,59,3,4.0,1,2.6931
357,106,2,5.0,1,3.0493
357,116,1,5.0,1,2.8466
357,126,2,4.0,1,2.5493
357,139,1,4.0,1,2.3466
358,104,1,3.0,1,1.8466
358,106,2,5.0,2,3.0493
358,107,3,4.0,1,2.6931
358,108,3,4.5,2,2.9431
358,110,5,4.666666666666667,3,3.2292
358,114,12,4.4,5,3.4825
358,116,12,4.0,5,3.2825
359,22,7,4.75,4,3.4147
359,25,5,4.333333333333333,3,3.0625
359,27,4,4.5,2,3.0547
359,32,2,4.5,2,2.7993
359,35,2,3.0,2,2.0493
359,39,7,3.3333333333333335,3,2.7064
359,40,3,3.5,2,2.4431
359,86,5,4.333333333333333,3,3.0625
359,90,3,5.0,1,3.1931
359,92,5,5.0,3,3.3959
360,121,3,4.0,1,2.6931
360,122,3,4.5,2,2.9431
360,123,3,4.5,2,2.9431
360,124,1,5.0,1,2.8466
360,128,1,4.0,1,2.3466
360,135,2,5.0,1,3.0493
360,137,4,5.0,2,3.3047
360,138,2,4.0,1,2.5493
361,121,2,3.0,1,2.0493
361,123,2,4.0,1,2.5493
361,124,3,4.0,2,2.6931
361,128,4,5.0,2,3.3047
361,135,2,3.0,1,2.0493
361,137,2,4.0,2,2.5493
361,138,2,5.0,1,3.0493
362,2,9,4.8,5,3.5513
362,5,11,4.6,5,3.5425
362,6,7,4.166666666666667,6,3.1231
362,18,8,4.4,5,3.2986
363,86,17,4.375,8,3.6327
363,90,12,4.571428571428571,7,3.5682
363,92,11,4.5,8,3.4925
364,7,2,5.0,1,3.0493
364,17,1,5.0,1,2.8466
364,19,3,5.0,1,3.1931
364,66,1,4.0,1,2.3466
364,70,2,5.0,1,3.0493
364,117,1,5.0,1,2.8466
364,120,1,4.0,1,2.3466
365,86,4,4.333333333333333,3,2.9714
365,90,3,5.0,2,3.1931
365,92,5,4.333333333333333,3,3.0625
366,86,4,5.0,3,3.3047
366,90,9,4.25,4,3.2763
366,92,8,4.5,4,3.3486
367,81,2,4.0,1,2.5493
367,82,7,5.0,3,3.5397
367,83,5,4.5,2,3.1459
367,85,6,3.5,2,2.723
367,87,11,4.25,4,3.3675
367,89,3,4.5,2,2.9431
367,95,1,3.0,1,1.8466
367,96,9,4.75,4,3.5263
367,98,6,3.6666666666666665,3,2.8063
367,99,3,5.0,1,3.1931
368,42,2,3.0,1,2.0493
368,43,4,4.0,2,2.8047
368,53,4,3.5,2,2.5547
368,59,1,4.0,1,2.3466
368,106,1,5.0,1,2.8466
368,107,1,5.0,1,2.8466
368,110,1,4.0,1,2.3466
368,126,1,5.0,1,2.8466
368,131,5,3.5,2,2.6459
368,139,2,5.0,1,3.0493
368,140,3,4.5,2,2.9431
369,22,5,4.5,2,3.1459
369,25,2,4.0,1,2.5493
369,27,7,4.333333333333333,3,3.2064
369,32,1,5.0,1,2.8466
369,35,1,5.0,1,2.8466
369,40,3,4.0,1,2.6931
369,86,3,5.0,2,3.1931
369,90,3,5.0,1,3.1931
369,92,2,5.0,1,3.0493
370,112,14,4.333333333333333,6,3.5207
370,117,7,4.5,4,3.2897
370,118,9,4.5,4,3.4013
370,120,11,4.25,4,3.3675
371,65,3,5.0,1,3.1931
371,77,2,5.0,1,3.0493
371,80,2,5.0,1,3.0493
371,84,1,5.0,1,2.8466
371,91,1,5.0,1,2.8466
372,4,4,4.0,2,2.8047
372,8,1,5.0,1,2.8466
372,12,4,4.5,2,3.0547
372,13,8,3.75,4,2.9736
372,14,6,4.5,2,3.223
372,15,7,4.666666666666667,3,3.3731
372,20,3,5.0,1,3.1931
373,81,5,4.5,2,3.1459
373,82,4,4.0,3,2.8047
373,83,10,4.0,4,3.1989
373,85,1,5.0,1,2.8466
373,87,1,4.0,1,2.3466
373,89,1,3.0,1,1.8466
373,95,4,4.0,2,2.8047
374,5,2,4.0,1,2.5493
374,18,3,5.0,1,3.1931
374,47,1,5.0,1,2.8466
374,48,1,5.0,1,2.8466
374,49,3,4.0,1,2.6931
374,50,9,4.0,4,3.1513
374,52,2,5.0,1,3.0493
374,54,1,5.0,1,2.8466
374,55,4,4.0,3,2.8047
374,58,1,4.0,1,2.3466
374,60,1,5.0,1,2.8466
374,61,4,4.5,2,3.0547
374,63,2,5.0,2,3.0493
374,64,1,5.0,1,2.8466
374,71,2,5.0,1,3.0493
374,72,1,5.0,1,2.8466
374,78,2,3.0,1,2.0493
375,2,3,5.0,1,3.1931
375,5,9,4.0,4,3.1513
375,6,2,5.0,2,3.0493
375,18,4,4.0,2,2.8047
375,24,2,4.0,1,2.5493
375,28,3,5.0,1,3.1931
375,29,4,4.0,2,2.8047
375,31,3,3.0,1,2.1931
375,36,2,4.5,2,2.7993
375,47,2,4.0,1,2.5493
375,48,9,4.75,4,3.5263
375,50,1,3.0,1,1.8466
375,55,2,5.0,2,3.0493
375,60,3,5.0,1,3.1931
376,4,2,4.0,1,2.5493
376,8,3,4.0,1,2.6931
376,10,4,4.0,2,2.8047
376,12,1,4.0,1,2.3466
376,13,2,3.0,1,2.0493
376,14,3,5.0,1,3.1931
376,15,2,5.0,1,3.0493
376,65,5,4.0,2,2.8959
376,79,2,5.0,1,3.0493
376,130,3,5.0,1,3.1931
376,131,4,4.0,2,2.8047
376,133,2,4.5,2,2.7993
377,65,3,4.0,1,2.6931
377,80,1,3.0,1,1.8466
377,84,8,4.333333333333333,3,3.2653
377,91,3,5.0,1,3.1931
377,94,1,3.0,1,1.8466
377,100,3,5.0,2,3.1931
377,126,2,5.0,1,3.0493
377,130,1,3.0,1,1.8466
377,131,6,4.5,2,3.223
377,132,2,4.0,1,2.5493
377,140,2,3.0,1,2.0493
378,2,2,3.0,1,2.0493
378,6,2,5.0,1,3.0493
378,18,3,3.0,1,2.1931
378,47,2,5.0,1,3.0493
378,48,3,5.0,2,3.1931
378,49,2,3.0,1,2.0493
378,50,2,5.0,1,3.0493
378,54,2,5.0,1,3.0493
378,60,4,4.5,2,3.0547
378,81,3,4.5,2,2.9431
378,82,1,5.0,1,2.8466
378,85,3,3.0,1,2.1931
378,99,4,3.0,2,2.3047
379,44,5,4.333333333333333,3,3.0625
379,46,9,5.0,5,3.6513
379,51,11,4.4,5,3.4425
379,56,6,3.75,4,2.848
380,4,2,5.0,2,3.0493
380,8,1,5.0,1,2.8466
380,12,3,5.0,1,3.1931
380,13,2,4.0,1,2.5493
380,14,4,4.333333333333333,3,2.9714
380,15,3,3.0,1,2.1931
380,107,2,5.0,1,3.0493
381,65,4,5.0,2,3.3047
381,68,4,5.0,2,3.3047
381,73,5,4.0,2,2.8959
381,79,1,4.0,1,2.3466
381,80,4,4.5,2,3.0547
381,84,2,4.5,2,2.7993
381,93,1,4.0,1,2.3466
381,94,2,5.0,1,3.0493
381,97,1,5.0,1,2.8466
381,100,1,5.0,1,2.8466
382,4,1,3.0,1,1.8466
382,12,1,4.0,1,2.3466
382,13,3,5.0,1,3.1931
382,14,5,4.666666666666667,3,3.2292
382,20,2,5.0,1,3.0493
382,84,3,5.0,2,3.1931
382,88,1,5.0,1,2.8466
382,91,2,5.0,1,3.0493
382,93,5,5.0,3,3.3959
382,97,3,4.5,2,2.9431
382,100,4,4.0,2,2.8047
383,35,1,5.0,1,2.8466
383,40,4,5.0,2,3.3047
383,62,3,4.0,1,2.6931
383,66,2,3.0,1,2.0493
383,69,3,5.0,1,3.1931
383,74,1,4.0,1,2.3466
383,75,5,5.0,2,3.3959
383,76,4,4.0,2,2.8047
384,2,5,3.5,2,2.6459
384,6,2,5.0,1,3.0493
384,18,1,5.0,1,2.8466
384,47,2,4.5,2,2.7993
384,49,10,4.25,4,3.3239
384,52,5,4.0,2,2.8959
384,54,5,4.0,2,2.8959
384,58,3,5.0,1,3.1931
384,60,3,4.0,1,2.6931
385,47,2,4.0,1,2.5493
385,48,2,5.0,1,3.0493
385,54,1,4.0,1,2.3466
385,55,2,5.0,1,3.0493
385,58,3,4.0,1,2.6931
385,60,5,3.5,2,2.6459
386,62,3,5.0,1,3.1931
386,66,9,5.0,4,3.6513
386,70,3,3.5,2,2.4431
386,74,3,4.0,2,2.6931
386,75,5,3.5,2,2.6459
386,86,5,4.0,2,2.8959
386,90,3,3.5,2,2.4431
386,92,4,5.0,2,3.3047
387,4,1,5.0,1,2.8466
387,8,3,5.0,1,3.1931
387,10,7,4.333333333333333,3,3.2064
387,12,6,4.666666666666667,3,3.3063
387,13,3,5.0,1,3.1931
387,15,5,5.0,2,3.3959
387,20,3,4.5,2,2.9431
388,47,5,5.0,2,3.3959
388,49,2,5.0,1,3.0493
388,60,1,3.0,1,1.8466
388,63,2,4.0,1,2.5493
388,67,1,3.0,1,1.8466
388,72,1,5.0,1,2.8466
388,129,1,5.0,1,2.8466
388,134,1,5.0,1,2.8466
389,112,5,4.5,2,3.1459
389,117,5,3.3333333333333335,3,2.5625
389,118,6,4.5,2,3.223
389,120,4,3.5,2,2.5547
390,104,13,4.714285714285714,7,3.6767
390,106,10,3.75,4,3.0739
390,107,12,4.6,5,3.5825
390,108,6,4.0,3,2.973
390,110,21,4.857142857142857,7,3.9741
390,114,1,4.0,1,2.3466
390,116,7,4.0,4,3.0397
391,41,4,3.5,2,2.5547
391,47,5,4.0,2,2.8959
391,48,3,4.0,1,2.6931
391,49,4,4.5,2,3.0547
391,50,1,5.0,1,2.8466
391,52,7,4.666666666666667,3,3.3731
391,54,2,4.0,1,2.5493
391,55,1,5.0,1,2.8466
391,58,3,5.0,1,3.1931
391,61,4,4.0,2,2.8047
391,63,5,4.0,2,2.8959
391,64,3,3.0,1,2.1931
391,71,3,4.0,2,2.6931
391,78,5,4.666666666666667,3,3.2292
392,42,3,5.0,1,3.1931
392,43,1,4.0,1,2.3466
392,45,2,4.5,2,2.7993
392,53,6,4.666666666666667,3,3.3063
392,59,6,3.5,2,2.723
392,65,1,5.0,1,2.8466
392,68,2,5.0,1,3.0493
392,77,1,5.0,1,2.8466
392,79,9,4.0,3,3.1513
392,80,6,5.0,3,3.473
393,112,9,4.25,4,3.2763
393,117,3,4.5,2,2.9431
393,118,13,4.666666666666667,6,3.6529
393,120,7,4.333333333333333,3,3.2064
394,61,3,4.0,1,2.6931
394,64,2,4.0,1,2.5493
394,78,3,5.0,1,3.1931
395,57,2,4.5,2,2.7993
395,84,3,4.0,2,2.6931
395,91,1,5.0,1,2.8466
395,94,2,4.0,2,2.5493
395,100,2,5.0,1,3.0493
396,117,3,4.0,1,2.6931
396,123,2,5.0,1,3.0493
397,21,6,5.0,2,3.473
397,33,2,5.0,1,3.0493
397,37,1,4.0,1,2.3466
397,38,4,5.0,2,3.3047
397,73,1,5.0,1,2.8466
397,79,2,4.0,1,2.5493
397,106,1,5.0,1,2.8466
397,107,2,3.0,1,2.0493
397,108,3,3.5,2,2.4431
397,114,5,5.0,3,3.3959
398,112,2,5.0,2,3.0493
398,117,1,5.0,1,2.8466
398,121,4,4.0,2,2.8047
398,123,2,5.0,1,3.0493
398,124,1,3.0,1,1.8466
398,125,1,4.0,1,2.3466
398,135,8,5.0,3,3.5986
398,137,5,3.5,2,2.6459
398,138,5,4.0,2,2.8959
399,42,2,4.0,2,2.5493
399,43,3,3.0,1,2.1931
399,45,1,5.0,1,2.8466
399,57,3,3.5,2,2.4431
399,59,1,4.0,1,2.3466
399,65,1,4.0,1,2.3466
399,77,2,5.0,1,3.0493
399,79,4,3.5,2,2.5547
400,86,7,4.0,5,3.0397
400,90,12,4.166666666666667,6,3.3658
400,92,7,3.5,4,2.7897
401,30,1,5.0,1,2.8466
401,65,2,5.0,1,3.0493
401,68,4,4.5,2,3.0547
401,77,1,4.0,1,2.3466
401,79,3,5.0,2,3.1931
401,107,1,4.0,1,2.3466
401,108,1,5.0,1,2.8466
401,114,4,4.5,2,3.0547
402,23,1,5.0,1,2.8466
402,24,2,4.0,1,2.5493
402,29,1,4.0,1,2.3466
402,31,3,4.333333333333333,3,2.8598
402,36,3,4.0,2,2.6931
402,41,4,4.0,2,2.8047
402,49,2,4.0,1,2.5493
402,50,6,4.5,2,3.223
402,52,4,3.5,2,2.5547
402,54,1,4.0,1,2.3466
402,58,4,5.0,2,3.3047
402,60,1,5.0,1,2.8466
402,63,3,5.0,1,3.1931
402,71,1,5.0,1,2.8466
403,1,8,4.25,4,3.2236
403,3,4,4.0,2,2.8047
403,9,3,5.0,1,3.1931
403,16,1,4.0,1,2.3466
403,17,7,4.75,4,3.4147
403,19,2,4.5,2,2.7993
403,62,2,4.0,2,2.5493
403,66,11,4.0,5,3.2425
403,69,3,4.5,2,2.9431
403,70,5,4.333333333333333,3,3.0625
403,74,11,4.2,5,3.3425
403,75,2,3.0,1,2.0493
404,76,1,4.0,1,2.3466
404,118,3,3.0,1,2.1931
405,2,1,5.0,1,2.8466
405,18,5,4.0,3,2.8959
405,81,2,5.0,1,3.0493
405,83,1,3.0,1,1.8466
405,85,2,3.5,2,2.2993
405,87,5,5.0,2,3.3959
405,96,1,4.0,1,2.3466
405,98,2,5.0,1,3.0493
405,105,5,3.6666666666666665,3,2.7292
405,109,2,4.5,2,2.7993
405,111,3,5.0,1,3.1931
405,113,3,5.0,1,3.1931
406,3,1,3.0,1,1.8466
406,9,2,3.0,1,2.0493
406,16,2,3.0,1,2.0493
406,19,5,5.0,2,3.3959
406,86,1,3.0,1,1.8466
406,90,1,4.0,1,2.3466
406,121,3,3.5,2,2.4431
406,122,1,5.0,1,2.8466
407,2,4,3.5,2,2.5547
407,5,1,5.0,1,2.8466
407,6,2,5.0,1,3.0493
407,18,5,5.0,2,3.3959
407,129,1,5.0,1,2.8466
407,134,1,5.0,1,2.8466
407,136,2,5.0,1,3.0493
408,86,1,3.0,1,1.8466
408,92,3,4.0,1,2.6931
408,112,2,5.0,1,3.0493
408,117,2,4.0,1,2.5493
408,124,6,4.0,2,2.973
408,125,1,4.0,1,2.3466
408,127,1,5.0,1,2.8466
408,138,2,5.0,1,3.0493
409,66,5,4.333333333333333,3,3.0625
409,69,4,4.0,2,2.8047
409,70,2,4.0,1,2.5493
409,76,1,5.0,1,2.8466
409,122,3,3.0,1,2.1931
409,123,3,4.0,1,2.6931
409,124,3,5.0,2,3.1931
409,125,3,5.0,1,3.1931
409,127,2,5.0,1,3.0493
409,128,6,3.6666666666666665,3,2.8063
409,135,2,3.0,1,2.0493
409,137,5,4.0,2,2.8959
410,2,4,5.0,2,3.3047
410,5,1,5.0,1,2.8466
410,18,3,4.0,2,2.6931
410,63,1,4.0,1,2.3466
410,67,2,5.0,1,3.0493
410,72,1,4.0,1,2.3466
410,78,2,5.0,1,3.0493
411,121,5,4.5,2,3.1459
411,122,2,4.5,2,2.7993
411,124,2,5.0,2,3.0493
411,125,5,4.0,2,2.8959
411,127,4,5.0,2,3.3047
411,128,3,4.0,2,2.6931
411,135,5,5.0,2,3.3959
411,137,2,4.0,2,2.5493
411,138,3,3.0,1,2.1931
412,22,2,5.0,1,3.0493
412,25,5,4.0,2,2.8959
412,32,5,4.0,2,2.8959
412,35,2,5.0,1,3.0493
412,39,2,3.0,1,2.0493
412,62,1,5.0,1,2.8466
412,69,3,5.0,1,3.1931
412,70,2,4.0,1,2.5493
412,75,4,4.0,2,2.8047
412,76,5,4.5,2,3.1459
413,62,8,4.5,4,3.3486
413,66,4,4.5,4,3.0547
413,69,9,4.5,4,3.4013
413,70,4,4.5,2,3.0547
413,74,9,3.8,5,3.0513
413,75,4,4.5,2,3.0547
413,76,6,4.25,4,3.098
414,2,1,4.0,1,2.3466
414,5,1,4.0,1,2.3466
414,6,3,5.0,1,3.1931
414,101,1,4.0,1,2.3466
414,102,1,4.0,1,2.3466
414,105,2,5.0,1,3.0493
414,111,1,4.0,1,2.3466
415,101,3,4.0,1,2.6931
415,102,6,4.0,4,2.973
415,103,3,4.0,1,2.6931
415,105,7,4.5,4,3.2897
415,109,4,4.5,2,3.0547
415,111,5,4.0,2,2.8959
415,115,7,4.0,3,3.0397
415,119,6,4.333333333333333,3,3.1396
416,21,4,3.0,2,2.3047
416,34,5,5.0,2,3.3959
416,37,1,4.0,1,2.3466
416,42,2,4.0,1,2.5493
416,43,6,5.0,3,3.473
416,45,5,4.0,2,2.8959
416,57,7,4.666666666666667,3,3.3731
416,59,3,4.0,2,2.6931
416,84,4,4.0,2,2.8047
416,88,1,3.0,1,1.8466
416,93,2,3.0,2,2.0493
416,94,1,4.0,1,2.3466
416,97,1,4.0,1,2.3466
417,21,1,5.0,1,2.8466
417,30,1,4.0,1,2.3466
417,33,5,5.0,3,3.3959
417,38,2,5.0,1,3.0493
417,68,4,4.0,2,2.8047
417,80,4,4.5,2,3.0547
417,130,2,5.0,1,3.0493
417,131,5,3.5,2,2.6459
417,133,6,3.6666666666666665,3,2.8063
417,139,2,4.0,1,2.5493
417,140,3,3.0,1,2.1931
418,65,4,4.5,2,3.0547
418,68,2,3.0,1,2.0493
418,73,2,3.5,2,2.2993
418,77,3,5.0,1,3.1931
418,79,1,4.0,1,2.3466
418,80,2,5.0,1,3.0493
418,88,3,5.0,1,3.1931
418,91,3,4.0,2,2.6931
418,94,2,3.0,1,2.0493
418,97,3,4.0,1,2.6931
419,101,6,4.666666666666667,3,3.3063
419,102,1,5.0,1,2.8466
419,105,5,4.666666666666667,3,3.2292
419,109,3,3.0,1,2.1931
419,111,6,4.25,4,3.098
419,119,3,4.0,1,2.6931
419,129,9,4.333333333333333,3,3.318
419,134,6,4.0,3,2.973
419,136,6,4.5,2,3.223
420,43,2,4.0,1,2.5493
420,57,2,4.0,1,2.5493
421,62,5,5.0,3,3.3959
421,66,4,4.5,2,3.0547
421,69,6,3.5,2,2.723
421,70,4,3.6666666666666665,3,2.6381
421,75,3,5.0,1,3.1931
421,76,2,4.0,1,2.5493
421,112,6,5.0,2,3.473
421,118,2,4.0,1,2.5493
421,120,1,5.0,1,2.8466
422,62,4,4.5,2,3.0547
422,66,5,4.333333333333333,3,3.0625
422,69,4,3.5,2,2.5547
422,70,5,4.333333333333333,3,3.0625
422,74,4,4.0,3,2.8047
422,75,1,5.0,1,2.8466
422,76,5,4.0,3,2.8959
422,86,3,5.0,1,3.1931
422,90,1,5.0,1,2.8466
422,92,5,3.6666666666666665,3,2.7292
423,22,9,4.4,5,3.3513
423,25,6,4.333333333333333,3,3.1396
423,27,5,4.666666666666667,3,3.2292
423,32,1,5.0,1,2.8466
423,35,7,4.666666666666667,3,3.3731
423,39,3,4.0,1,2.6931
423,40,3,5.0,1,3.1931
423,86,7,3.6666666666666665,3,2.8731
423,90,7,4.0,4,3.0397
423,92,3,5.0,1,3.1931
424,101,2,5.0,1,3.0493
424,102,7,3.0,3,2.5397
424,103,1,4.0,1,2.3466
424,109,4,4.5,2,3.0547
424,111,4,5.0,2,3.3047
424,115,3,4.0,1,2.6931
425,13,1,4.0,1,2.3466
425,20,2,4.0,1,2.5493
425,21,3,5.0,1,3.1931
425,26,2,5.0,1,3.0493
425,30,9,3.3333333333333335,3,2.818
425,33,2,3.0,1,2.0493
425,34,3,4.0,1,2.6931
425,37,3,3.0,1,2.1931
425,38,6,4.5,2,3.223
426,27,3,5.0,2,3.1931
426,32,8,4.0,3,3.0986
426,35,4,4.333333333333333,3,2.9714
426,39,3,4.5,2,2.9431
426,40,3,5.0,1,3.1931
426,86,1,4.0,1,2.3466
426,90,2,3.0,1,2.0493
426,92,4,3.0,2,2.3047
427,86,6,5.0,3,3.473
427,90,7,4.333333333333333,3,3.2064
427,112,4,4.5,2,3.0547
427,117,12,4.6,5,3.5825
427,118,6,4.5,2,3.223
427,120,7,4.333333333333333,3,3.2064
428,65,4,4.5,2,3.0547
428,68,14,4.428571428571429,7,3.5683
428,73,2,4.0,1,2.5493
428,79,6,4.5,2,3.223
428,80,5,5.0,3,3.3959
429,13,3,3.0,1,2.1931
429,91,1,5.0,1,2.8466
429,93,2,5.0,1,3.0493
430,126,3,5.0,1,3.1931
430,130,2,5.0,2,3.0493
430,132,1,5.0,1,2.8466
430,133,1,3.0,1,1.8466
430,140,5,4.0,2,2.8959
431,77,1,5.0,1,2.8466
431,80,3,5.0,1,3.1931
431,106,1,4.0,1,2.3466
431,107,1,5.0,1,2.8466
431,108,3,5.0,1,3.1931
431,114,3,5.0,1,3.1931
432,1,6,4.666666666666667,3,3.3063
432,7,3,5.0,2,3.1931
432,9,2,5.0,1,3.0493
432,11,8,4.0,4,3.0986
432,16,4,4.5,2,3.0547
432,17,9,4.5,4,3.4013
432,19,7,4.333333333333333,3,3.2064
433,41,5,4.333333333333333,3,3.0625
433,47,2,4.0,1,2.5493
433,48,5,4.0,2,2.8959
433,49,5,3.5,2,2.6459
433,50,6,5.0,3,3.473
433,52,3,4.0,1,2.6931
434,84,3,3.0,1,2.1931
434,88,1,4.0,1,2.3466
434,91,3,5.0,1,3.1931
434,93,3,4.0,1,2.6931
434,97,3,4.0,1,2.6931
434,100,3,5.0,1,3.1931
434,104,1,5.0,1,2.8466
434,106,2,5.0,1,3.0493
434,107,4,4.5,2,3.0547
434,114,2,4.0,1,2.5493
434,116,3,4.0,1,2.6931
435,4,3,4.0,1,2.6931
435,8,1,5.0,1,2.8466
435,10,2,4.0,1,2.5493
435,12,2,4.5,2,2.7993
435,13,1,4.0,1,2.3466
435,14,5,3.5,2,2.6459
435,15,4,5.0,2,3.3047
435,20,4,4.5,2,3.0547
435,43,4,3.5,2,2.5547
435,59,3,3.5,2,2.4431
435,88,3,3.0,1,2.1931
435,91,2,5.0,1,3.0493
435,93,4,4.5,2,3.0547
436,1,1,5.0,1,2.8466
436,7,2,4.0,1,2.5493
436,9,1,5.0,1,2.8466
436,16,4,4.5,2,3.0547
436,17,3,5.0,1,3.1931
436,19,2,4.0,1,2.5493
436,22,1,5.0,1,2.8466
436,32,2,4.0,1,2.5493
436,35,4,4.5,2,3.0547
436,66,1,4.0,1,2.3466
436,69,4,4.5,2,3.0547
436,74,1,5.0,1,2.8466
436,75,2,3.5,2,2.2993
436,76,2,5.0,1,3.0493
437,65,3,5.0,1,3.1931
437,68,7,3.3333333333333335,3,2.7064
437,73,4,5.0,2,3.3047
437,77,3,5.0,1,3.1931
437,79,3,4.5,2,2.9431
438,129,19,3.888888888888889,9,3.4423
438,134,17,4.25,8,3.5702
438,136,18,4.125,8,3.5347
439,112,1,3.0,1,1.8466
439,117,3,5.0,1,3.1931
439,118,1,4.0,1,2.3466
439,121,3,4.0,1,2.6931
439,122,1,4.0,1,2.3466
439,123,1,4.0,1,2.3466
439,124,4,4.0,2,2.8047
439,137,9,4.333333333333333,3,3.318
439,138,8,4.0,3,3.0986
440,28,2,5.0,1,3.0493
440,31,3,4.0,1,2.6931
440,36,1,5.0,1,2.8466
440,103,1,4.0,1,2.3466
440,109,1,5.0,1,2.8466
440,115,3,5.0,1,3.1931
440,134,1,4.0,1,2.3466
441,82,8,4.666666666666667,3,3.4319
441,83,7,5.0,3,3.5397
441,85,5,4.0,3,2.8959
441,87,2,4.0,1,2.5493
441,89,2,5.0,1,3.0493
441,96,1,5.0,1,2.8466
441,98,3,3.5,2,2.4431
441,129,2,4.0,1,2.5493
441,134,5,4.0,3,2.8959
441,136,3,4.0,2,2.6931
442,2,5,4.5,2,3.1459
442,5,2,4.0,1,2.5493
442,6,5,4.5,2,3.1459
442,18,2,5.0,1,3.0493
442,41,1,5.0,1,2.8466
442,47,3,4.0,1,2.6931
442,48,6,3.6666666666666665,3,2.8063
442,52,2,4.0,1,2.5493
442,54,6,5.0,2,3.473
442,55,2,4.0,1,2.5493
442,58,4,4.0,2,2.8047
442,60,1,4.0,1,2.3466
442,81,2,5.0,1,3.0493
442,82,1,3.0,1,1.8466
442,83,4,5.0,2,3.3047
442,87,4,5.0,2,3.3047
442,95,5,5.0,2,3.3959
442,99,3,5.0,1,3.1931
443,28,1,5.0,1,2.8466
443,101,2,5.0,1,3.0493
443,105,3,5.0,1,3.1931
443,111,1,3.0,1,1.8466
443,113,1,5.0,1,2.8466
443,115,2,5.0,1,3.0493
443,119,3,5.0,1,3.1931
443,129,3,4.0,1,2.6931
443,136,1,5.0,1,2.8466
444,27,2,5.0,1,3.0493
444,32,2,5.0,1,3.0493
444,35,2,5.0,1,3.0493
444,39,1,4.0,1,2.3466
444,62,2,4.5,2,2.7993
444,69,1,5.0,1,2.8466
444,74,3,5.0,1,3.1931
444,121,2,4.0,1,2.5493
444,122,1,5.0,1,2.8466
444,127,3,5.0,1,3.1931
444,135,3,4.5,2,2.9431
444,137,4,4.0,2,2.8047
445,61,4,4.5,2,3.0547
445,63,2,4.0,1,2.5493
445,64,2,5.0,2,3.0493
445,71,3,4.0,2,2.6931
445,78,2,5.0,1,3.0493
445,129,5,4.5,2,3.1459
445,134,4,5.0,2,3.3047
446,42,2,4.0,1,2.5493
446,43,3,3.0,1,2.1931
446,45,5,4.333333333333333,3,3.0625
446,53,4,4.0,2,2.8047
446,104,1,5.0,1,2.8466
446,106,4,4.0,2,2.8047
446,107,4,4.333333333333333,3,2.9714
446,108,6,4.5,2,3.223
446,114,3,5.0,1,3.1931
446,116,5,3.5,2,2.6459
446,126,3,4.5,2,2.9431
446,131,4,4.0,2,2.8047
446,132,2,5.0,1,3.0493
446,133,3,4.0,1,2.6931
446,139,5,3.5,2,2.6459
446,140,5,3.6666666666666665,3,2.7292
447,123,1,4.0,1,2.3466
447,124,2,4.0,1,2.5493
447,127,3,5.0,1,3.1931
447,128,3,5.0,1,3.1931
447,135,5,4.5,2,3.1459
447,137,2,5.0,1,3.0493
448,1,6,5.0,2,3.473
448,3,2,5.0,1,3.0493
448,7,7,5.0,3,3.5397
448,9,3,4.0,2,2.6931
448,17,3,5.0,2,3.1931
448,19,3,5.0,2,3.1931
448,44,4,4.5,2,3.0547
448,46,2,3.0,1,2.0493
448,51,5,4.0,2,2.8959
448,56,2,5.0,1,3.0493
448,112,3,5.0,1,3.1931
448,117,1,5.0,1,2.8466
448,120,1,4.0,1,2.3466
449,65,3,4.0,1,2.6931
449,68,12,4.333333333333333,6,3.4491
449,73,6,4.25,4,3.098
449,77,14,4.166666666666667,6,3.4374
449,79,13,4.833333333333333,6,3.7362
449,80,8,4.5,4,3.3486
450,21,1,5.0,1,2.8466
450,34,3,5.0,1,3.1931
450,37,1,3.0,1,1.8466
450,97,3,4.0,1,2.6931
450,131,3,3.5,2,2.4431
450,132,2,3.0,1,2.0493
450,139,2,5.0,1,3.0493
451,104,8,5.0,4,3.5986
451,106,6,4.5,2,3.223
451,107,9,4.25,4,3.2763
451,108,6,4.333333333333333,3,3.1396
451,110,7,4.5,4,3.2897
451,114,5,4.5,2,3.1459
451,116,10,4.0,4,3.1989
452,4,5,3.6666666666666665,3,2.7292
452,12,4,4.333333333333333,3,2.9714
452,13,1,5.0,1,2.8466
452,14,10,4.5,4,3.4489
452,15,5,3.5,2,2.6459
452,20,6,5.0,3,3.473
452,65,2,4.0,1,2.5493
452,68,3,3.0,1,2.1931
452,73,3,4.0,2,2.6931
452,77,4,5.0,2,3.3047
452,79,2,3.0,1,2.0493
452,80,5,3.5,2,2.6459
453,23,2,5.0,1,3.0493
453,24,1,5.0,1,2.8466
453,28,1,4.0,1,2.3466
453,29,4,4.0,2,2.8047
453,31,1,5.0,1,2.8466
453,36,3,5.0,1,3.1931
453,41,1,5.0,1,2.8466
453,48,2,3.0,1,2.0493
453,49,4,4.5,2,3.0547
453,52,6,4.5,2,3.223
453,54,3,5.0,1,3.1931
453,55,8,4.333333333333333,3,3.2653
453,58,3,3.0,1,2.1931
453,60,6,5.0,2,3.473
454,44,14,4.428571428571429,7,3.5683
454,46,7,3.3333333333333335,3,2.7064
454,51,10,4.333333333333333,6,3.3656
454,56,3,5.0,2,3.1931
455,44,1,5.0,1,2.8466
455,46,3,5.0,1,3.1931
455,56,1,5.0,1,2.8466
455,112,4,4.0,2,2.8047
456,102,1,4.0,1,2.3466
456,113,6,4.0,3,2.973
456,119,2,4.0,2,2.5493
457,22,4,4.0,2,2.8047
457,27,6,4.0,3,2.973
457,32,4,4.666666666666667,3,3.1381
457,39,6,5.0,3,3.473
457,40,9,4.5,4,3.4013
458,122,6,4.0,2,2.973
458,135,3,5.0,1,3.1931
459,5,2,5.0,1,3.0493
459,18,9,5.0,4,3.6513
459,28,2,3.0,1,2.0493
459,29,5,4.0,2,2.8959
459,31,2,4.0,2,2.5493
459,63,5,3.0,2,2.3959
459,64,3,3.0,1,2.1931
459,72,1,5.0,1,2.8466
460,42,12,4.0,5,3.2825
460,43,1,5.0,1,2.8466
460,45,12,3.8333333333333335,6,3.1991
460,53,10,4.0,4,3.1989
460,57,5,4.0,3,2.8959
460,59,7,4.333333333333333,3,3.2064
461,112,10,4.75,4,3.5739
461,117,8,4.4,5,3.2986
461,118,9,4.833333333333333,6,3.568
461,120,10,4.8,5,3.5989
462,8,1,5.0,1,2.8466
462,13,4,4.5,2,3.0547
462,14,1,3.0,1,1.8466
462,20,1,5.0,1,2.8466
462,30,1,4.0,1,2.3466
462,38,2,3.0,1,2.0493
462,84,2,4.0,1,2.5493
462,93,1,5.0,1,2.8466
463,22,2,5.0,1,3.0493
463,25,3,5.0,1,3.1931
463,27,2,4.0,1,2.5493
463,39,2,4.0,1,2.5493
463,62,1,4.0,1,2.3466
463,66,1,4.0,1,2.3466
463,69,3,4.0,1,2.6931
463,70,4,5.0,2,3.3047
463,74,5,5.0,2,3.3959
463,75,5,3.5,2,2.6459
463,76,1,4.0,1,2.3466
463,86,3,3.0,1,2.1931
463,90,4,4.5,2,3.0547
463,92,3,5.0,1,3.1931
464,24,3,4.0,1,2.6931
464,28,5,4.5,2,3.1459
464,29,2,4.0,1,2.5493
464,31,2,4.0,1,2.5493
464,36,3,5.0,2,3.1931
465,23,1,5.0,1,2.8466
465,31,2,4.0,1,2.5493
465,52,3,4.0,1,2.6931
465,58,1,5.0,1,2.8466
466,88,1,5.0,1,2.8466
466,91,1,5.0,1,2.8466
466,94,3,4.0,2,2.6931
466,104,4,4.5,2,3.0547
466,106,3,3.0,1,2.1931
466,110,2,5.0,1,3.0493
466,116,3,5.0,1,3.1931
466,130,2,4.0,1,2.5493
466,133,3,4.0,2,2.6931
467,22,3,4.0,1,2.6931
467,25,1,5.0,1,2.8466
467,35,5,4.666666666666667,3,3.2292
467,39,2,4.0,1,2.5493
467,40,3,3.0,1,2.1931
467,90,5,4.5,2,3.1459
467,92,1,4.0,1,2.3466
467,123,1,4.0,1,2.3466
467,124,2,3.0,1,2.0493
467,125,3,4.0,1,2.6931
467,127,3,4.0,1,2.6931
467,128,2,5.0,1,3.0493
467,137,5,4.5,2,3.1459
467,138,3,5.0,1,3.1931
468,129,10,5.0,4,3.6989
468,134,14,4.285714285714286,7,3.4969
468,136,10,4.4,5,3.3989
469,62,7,5.0,3,3.5397
469,66,3,4.0,2,2.6931
469,69,4,4.5,2,3.0547
469,70,7,3.6666666666666665,3,2.8731
469,74,2,5.0,1,3.0493
469,75,4,3.5,2,2.5547
469,76,1,4.0,1,2.3466
470,42,5,5.0,2,3.3959
470,43,4,5.0,2,3.3047
470,45,2,3.0,2,2.0493
470,53,5,4.5,2,3.1459
470,57,3,5.0,1,3.1931
471,46,5,4.0,4,2.8959
471,51,2,5.0,1,3.0493
471,56,1,5.0,1,2.8466
471,86,1,5.0,1,2.8466
471,90,7,4.666666666666667,3,3.3731
471,92,3,3.5,2,2.4431
472,81,1,5.0,1,2.8466
472,82,6,4.0,2,2.973
472,99,1,4.0,1,2.3466
473,4,2,5.0,1,3.0493
473,8,4,4.5,2,3.0547
473,13,2,3.0,1,2.0493
473,14,5,3.5,2,2.6459
474,62,5,4.0,2,2.8959
474,66,8,4.0,3,3.0986
474,69,7,4.5,4,3.2897
474,74,1,3.0,1,1.8466
474,75,4,5.0,2,3.3047
474,86,3,3.0,1,2.1931
474,90,1,4.0,1,2.3466
474,92,4,5.0,2,3.3047
474,112,1,4.0,1,2.3466
474,118,5,3.5,2,2.6459
474,120,5,5.0,2,3.3959
475,26,3,5.0,1,3.1931
475,88,1,5.0,1,2.8466
475,133,2,5.0,1,3.0493
475,140,2,5.0,1,3.0493
476,21,3,4.0,1,2.6931
476,26,4,5.0,2,3.3047
476,33,1,5.0,1,2.8466
476,37,3,5.0,2,3.1931
476,84,2,3.0,1,2.0493
476,93,1,5.0,1,2.8466
476,97,1,4.0,1,2.3466
476,131,1,5.0,1,2.8466
477,4,6,4.333333333333333,3,3.1396
477,8,1,5.0,1,2.8466
477,10,2,5.0,1,3.0493
477,12,3,5.0,1,3.1931
477,13,2,3.0,1,2.0493
477,15,4,5.0,2,3.3047
477,20,5,4.0,2,2.8959
477,104,1,4.0,1,2.3466
477,107,4,4.5,2,3.0547
477,108,1,5.0,1,2.8466
477,110,5,5.0,2,3.3959
477,116,3,5.0,1,3.1931
477,126,1,4.0,1,2.3466
477,130,3,4.0,2,2.6931
477,131,3,3.5,2,2.4431
477,133,3,5.0,1,3.1931
477,139,3,5.0,1,3.1931
477,140,2,4.0,1,2.5493
478,8,5,5.0,2,3.3959
478,10,5,4.5,2,3.1459
478,12,2,5.0,1,3.0493
478,13,1,5.0,1,2.8466
478,14,5,3.5,2,2.6459
478,20,3,4.0,1,2.6931
479,2,2,3.0,1,2.0493
479,5,1,4.0,1,2.3466
479,6,3,4.0,1,2.6931
479,23,3,5.0,1,3.1931
479,24,1,5.0,1,2.8466
479,28,4,5.0,2,3.3047
479,29,1,4.0,1,2.3466
479,31,1,3.0,1,1.8466
479,36,2,5.0,1,3.0493
479,41,2,5.0,1,3.0493
479,49,1,5.0,1,2.8466
479,50,4,4.5,2,3.0547
479,52,7,4.0,3,3.0397
479,58,3,5.0,1,3.1931
480,26,2,5.0,1,3.0493
480,30,1,5.0,1,2.8466
480,33,4,4.0,2,2.8047
480,34,2,4.5,2,2.7993
480,37,2,4.5,2,2.7993
480,38,5,4.0,2,2.8959
481,23,3,4.0,1,2.6931
481,24,1,4.0,1,2.3466
481,28,1,5.0,1,2.8466
481,41,1,5.0,1,2.8466
481,48,3,3.0,1,2.1931
481,52,1,5.0,1,2.8466
481,54,2,4.0,1,2.5493
481,129,3,5.0,1,3.1931
482,65,3,5.0,2,3.1931
482,77,3,5.0,1,3.1931
482,79,1,5.0,1,2.8466
482,80,2,4.5,2,2.7993
482,126,2,4.0,1,2.5493
482,130,7,4.0,3,3.0397
482,131,4,4.5,2,3.0547
482,132,1,5.0,1,2.8466
482,133,7,4.333333333333333,3,3.2064
482,139,1,4.0,1,2.3466
482,140,3,3.0,1,2.1931
483,4,1,4.0,1,2.3466
483,8,4,3.5,2,2.5547
483,15,1,4.0,1,2.3466
483,20,3,5.0,1,3.1931
483,84,2,3.0,1,2.0493
483,88,3,3.0,1,2.1931
483,93,3,5.0,1,3.1931
483,94,3,3.0,1,2.1931
483,100,3,5.0,1,3.1931
483,104,3,3.0,1,2.1931
483,110,2,5.0,1,3.0493
483,114,4,4.0,2,2.8047
484,62,3,4.0,1,2.6931
484,66,2,4.0,1,2.5493
484,69,2,5.0,1,3.0493
484,70,5,4.666666666666667,3,3.2292
484,74,2,4.5,2,2.7993
484,75,4,4.0,2,2.8047
484,76,3,4.0,1,2.6931
485,1,1,4.0,1,2.3466
485,3,1,4.0,1,2.3466
485,7,5,4.0,3,2.8959
485,11,2,3.0,1,2.0493
485,16,6,3.5,2,2.723
485,19,1,4.0,1,2.3466
485,121,6,4.0,2,2.973
485,122,1,5.0,1,2.8466
485,123,3,3.0,1,2.1931
485,124,5,5.0,2,3.3959
485,125,2,5.0,1,3.0493
485,127,6,4.5,2,3.223
485,128,5,4.333333333333333,3,3.0625
485,137,3,4.0,2,2.6931
486,2,6,5.0,2,3.473
486,5,2,5.0,1,3.0493
486,6,6,4.0,2,2.973
486,18,1,3.0,1,1.8466
487,23,5,5.0,3,3.3959
487,24,2,4.0,1,2.5493
487,28,3,4.0,1,2.6931
487,29,3,4.5,2,2.9431
487,31,4,4.0,2,2.8047
487,36,9,3.6666666666666665,3,2.9846
487,61,5,3.6666666666666665,3,2.7292
487,63,2,3.0,1,2.0493
487,64,1,4.0,1,2.3466
487,67,4,4.5,2,3.0547
487,71,7,4.0,3,3.0397
487,78,5,4.0,2,2.8959
488,31,2,4.0,1,2.5493
488,50,2,5.0,1,3.0493
488,58,1,3.0,1,1.8466
488,60,3,3.0,1,2.1931
489,84,7,4.0,3,3.0397
489,88,9,4.5,4,3.4013
489,91,8,4.25,4,3.2236
489,93,8,4.4,5,3.2986
489,94,3,4.5,2,2.9431
489,97,11,4.6,5,3.5425
489,100,4,5.0,2,3.3047
490,24,4,5.0,2,3.3047
490,28,3,5.0,2,3.1931
490,29,6,4.0,3,2.973
490,31,5,5.0,2,3.3959
490,36,1,4.0,1,2.3466
491,65,5,4.666666666666667,3,3.2292
491,68,6,4.5,2,3.223
491,77,9,4.5,4,3.4013
491,79,5,4.0,2,2.8959
491,80,5,4.0,2,2.8959
492,2,2,5.0,1,3.0493
492,5,4,4.0,2,2.8047
492,18,3,5.0,1,3.1931
492,41,1,5.0,1,2.8466
492,47,5,4.5,2,3.1459
492,49,1,4.0,1,2.3466
492,50,1,5.0,1,2.8466
492,54,4,4.5,2,3.0547
492,55,2,3.0,1,2.0493
492,58,4,3.5,2,2.5547
492,61,1,3.0,1,1.8466
492,63,2,5.0,1,3.0493
492,71,4,4.5,2,3.0547
492,78,2,3.0,1,2.0493
493,21,2,4.0,1,2.5493
493,26,1,4.0,1,2.3466
493,37,1,4.0,1,2.3466
493,38,1,4.0,1,2.3466
493,88,2,5.0,1,3.0493
493,93,3,5.0,1,3.1931
494,24,3,3.0,2,2.1931
494,28,6,4.0,2,2.973
494,36,3,4.0,1,2.6931
494,82,3,4.0,1,2.6931
494,95,2,3.0,1,2.0493
494,96,1,4.0,1,2.3466
494,98,2,3.0,1,2.0493
494,102,1,5.0,1,2.8466
494,113,2,5.0,1,3.0493
495,8,1,5.0,1,2.8466
495,10,1,4.0,1,2.3466
495,12,6,4.5,2,3.223
495,13,1,5.0,1,2.8466
495,15,2,5.0,1,3.0493
495,43,3,4.0,1,2.6931
495,53,9,4.25,4,3.2763
495,57,5,4.333333333333333,3,3.0625
495,59,7,4.333333333333333,3,3.2064
495,104,2,4.0,1,2.5493
495,106,3,5.0,1,3.1931
495,107,2,3.0,1,2.0493
495,108,3,4.0,2,2.6931
495,114,6,4.5,2,3.223
495,116,2,4.0,1,2.5493
496,22,1,5.0,1,2.8466
496,27,3,4.0,2,2.6931
496,32,1,4.0,1,2.3466
496,35,3,5.0,1,3.1931
496,39,2,5.0,1,3.0493
496,40,1,5.0,1,2.8466
497,27,4,3.0,2,2.3047
497,32,5,4.0,3,2.8959
497,35,4,4.0,2,2.8047
497,39,1,5.0,1,2.8466
497,40,3,4.5,2,2.9431
498,121,3,5.0,1,3.1931
498,122,4,4.0,3,2.8047
498,123,3,4.0,1,2.6931
498,124,6,4.666666666666667,3,3.3063
498,125,4,4.0,2,2.8047
498,127,5,4.666666666666667,3,3.2292
498,128,2,4.0,2,2.5493
498,135,3,3.5,2,2.4431
498,137,2,3.0,1,2.0493
498,138,3,5.0,1,3.1931
499,1,3,5.0,1,3.1931
499,3,1,5.0,1,2.8466
499,7,3,4.0,1,2.6931
499,11,4,4.333333333333333,3,2.9714
499,16,3,5.0,1,3.1931
499,17,3,4.0,1,2.6931
499,19,3,5.0,2,3.1931
499,92,2,5.0,2,3.0493
499,122,2,5.0,1,3.0493
499,123,1,5.0,1,2.8466
499,124,5,4.0,2,2.8959
499,128,2,4.0,1,2.5493
499,135,3,3.5,2,2.4431
499,137,2,5.0,1,3.0493
499,138,4,5.0,2,3.3047
500,1,2,5.0,1,3.0493
500,9,1,5.0,1,2.8466
500,11,2,5.0,1,3.0493
500,70,2,5.0,1,3.0493
500,74,3,4.5,2,2.9431
500,75,1,4.0,1,2.3466
